cgpa,backlogs,coding_score,aptitude_score,communication_score,projects,internships,certifications,github_contributions,leetcode_solved,hackathon,soft_skills,placement_status,placement_month
7.82,0,68,33,96,3,1,5,297,117,0,24,1,4
8.84,0,69,38,56,2,1,3,64,34,0,48,1,7
5.74,1,84,64,52,2,0,4,33,15,0,48,0,7
7.45,4,7,14,57,8,0,3,301,21,1,82,0,6
6.51,0,60,58,74,9,0,4,278,179,0,55,1,5
8.52,2,40,77,17,6,0,4,221,3,0,84,1,8
8.05,0,71,46,65,3,1,3,247,207,0,65,0,7
7.33,3,52,46,59,2,1,2,59,40,0,96,1,11
5.01,1,65,65,81,4,1,7,127,103,0,62,1,5
7.73,0,53,44,52,2,0,0,78,45,5,71,1,6
4.75,2,78,57,83,4,1,0,27,57,3,30,1,2
4.68,2,60,72,43,2,2,2,9,81,0,69,0,7
7.93,0,67,71,71,3,0,2,140,196,0,87,0,7
9.77,1,57,68,72,8,1,7,86,90,0,95,1,7
6.66,1,100,61,40,7,0,9,18,11,0,56,0,11
7.29,0,73,76,53,4,1,2,94,26,0,62,0,9
6.55,1,34,74,52,3,0,3,79,32,0,71,1,12
6.3,1,84,59,38,0,1,9,195,46,1,44,0,8
9.58,1,69,84,62,2,1,4,186,25,0,30,1,2
9.48,2,60,3,56,8,1,3,125,61,0,61,1,6
5.69,1,65,76,65,1,0,9,2,69,0,32,1,5
6.52,2,61,59,18,4,0,7,19,35,1,68,0,9
4.87,5,95,28,81,1,1,0,17,12,0,77,0,10
9.72,3,77,14,56,2,3,4,25,132,0,66,1,10
4.83,3,52,68,73,7,0,0,122,57,0,77,0,9
9.42,1,67,44,26,0,3,1,340,91,0,78,1,11
5.84,0,80,69,59,6,0,1,28,31,0,55,1,7
4.79,1,87,81,40,1,1,4,148,78,0,52,0,7
9.98,0,39,51,70,3,0,0,36,51,2,46,1,8
8.88,1,59,75,73,2,0,0,70,126,0,69,0,10
6.18,1,40,87,36,7,1,5,141,13,0,42,1,2
8.16,1,63,86,55,1,0,4,152,75,2,65,0,9
8.47,3,61,52,54,6,1,0,365,202,1,68,1,6
9.7,1,92,59,77,3,1,1,201,129,0,98,0,12
6.83,2,52,60,87,1,1,2,117,86,3,64,0,8
6.54,1,66,58,81,9,2,8,283,74,1,75,0,10
6.22,2,60,56,49,2,3,0,17,4,0,54,1,3
7.95,1,60,60,73,2,1,1,213,118,0,67,1,10
5.52,0,37,82,24,8,0,8,315,72,0,53,1,7
6.46,2,41,38,35,2,2,9,90,90,0,40,1,1
10.0,0,91,87,41,8,1,1,115,68,3,80,1,6
8.48,2,72,76,82,2,0,5,194,121,0,100,1,5
8.68,0,49,60,58,6,0,1,224,84,0,66,1,12
7.98,0,63,40,89,4,0,8,106,112,0,65,1,6
9.11,1,43,67,51,8,0,3,98,73,0,41,1,10
8.39,0,47,71,67,2,0,2,364,5,1,74,1,2
6.49,0,34,12,81,2,2,1,250,170,0,85,0,11
9.82,0,95,60,49,2,1,2,335,45,0,46,0,7
5.31,3,64,65,51,2,0,5,230,139,0,75,0,11
6.83,0,65,56,24,3,0,0,449,0,1,83,1,5
6.48,0,52,51,65,4,1,1,13,44,0,56,0,7
7.36,0,76,66,49,0,1,7,34,180,0,100,1,7
4.96,0,85,52,71,7,0,1,46,49,3,50,1,8
7.84,3,62,65,58,2,1,4,22,20,0,44,0,7
8.59,0,51,41,62,5,2,4,132,17,0,47,0,7
4.98,1,54,45,77,7,0,2,227,105,0,66,1,11
7.29,0,85,76,98,4,0,5,39,32,0,79,0,10
8.92,0,41,67,66,1,2,3,408,35,0,73,1,7
8.59,5,61,48,59,2,0,5,119,165,1,83,1,7
5.72,5,54,24,71,6,1,7,38,36,1,93,0,8
8.16,0,100,51,50,2,1,4,431,81,0,70,0,10
4.97,1,54,66,67,0,0,4,164,253,0,32,1,12
8.87,1,60,65,62,8,2,2,271,51,1,33,1,12
10.0,1,36,55,38,7,2,2,230,32,0,52,1,8
7.89,0,76,62,40,2,0,0,425,61,0,93,1,3
7.46,1,56,84,53,3,0,8,108,195,0,51,0,10
7.99,3,43,66,88,7,0,1,83,22,3,86,1,9
6.96,3,53,78,85,12,0,3,209,95,0,69,0,10
8.09,2,73,83,58,3,0,3,154,158,4,59,1,7
6.43,1,61,91,59,3,1,5,387,105,1,67,1,3
9.58,1,54,34,71,4,0,1,94,116,0,82,1,7
7.23,5,87,94,60,8,0,0,56,22,1,33,1,4
9.92,0,75,76,48,3,0,1,191,133,0,40,1,2
9.91,1,57,61,74,8,0,3,29,110,0,58,1,3
5.66,3,62,57,57,4,1,8,282,46,2,68,1,10
6.65,1,72,37,62,5,0,0,364,9,1,65,1,12
9.74,0,41,60,76,11,0,4,140,61,3,63,1,9
5.21,3,69,81,42,7,1,4,219,18,4,61,0,12
6.48,1,59,68,49,0,0,7,306,19,2,65,1,9
6.68,0,78,79,73,6,1,6,184,42,0,57,1,7
8.1,0,52,79,62,4,0,0,109,10,0,34,0,8
5.91,3,55,54,25,5,0,0,40,11,0,53,1,11
5.31,0,55,80,43,8,0,1,92,12,0,64,1,2
8.52,0,63,73,67,8,0,0,235,112,1,51,1,6
8.8,4,74,63,38,7,1,2,460,40,0,44,0,8
6.16,0,59,70,61,6,1,5,108,11,0,61,1,11
9.36,5,65,86,11,1,1,1,177,78,0,58,0,7
7.29,0,55,40,42,4,1,0,67,33,0,90,0,8
5.03,4,63,85,60,10,1,6,167,74,1,60,1,3
5.84,0,52,69,61,6,0,3,11,99,4,51,0,9
6.65,1,52,56,54,6,1,8,355,93,0,62,0,10
5.99,0,45,62,44,0,1,6,288,24,0,60,0,7
5.95,4,47,71,60,1,0,0,199,68,1,55,0,6
7.11,3,62,76,59,7,1,2,261,24,0,43,0,7
7.95,1,80,52,68,11,0,0,54,174,2,85,1,12
5.48,2,80,100,94,0,1,5,39,139,1,68,0,11
7.45,0,64,86,61,6,0,2,32,76,0,52,0,10
7.21,3,62,53,43,4,0,2,295,141,0,91,1,10
5.99,0,54,33,87,2,0,0,46,123,0,58,1,12
9.52,0,62,76,69,6,1,1,147,8,0,86,1,6
4.95,0,68,63,73,5,1,7,128,145,1,100,0,12
5.87,0,69,69,33,5,0,3,168,131,1,60,0,6
5.94,2,24,72,70,1,1,3,106,42,1,66,1,5
5.35,2,83,62,47,1,0,3,136,17,0,78,0,10
8.54,3,45,73,56,4,1,0,235,61,0,88,1,10
7.39,0,58,73,62,7,1,4,69,99,1,91,0,8
9.61,0,58,93,50,1,1,3,41,237,0,77,1,2
5.27,3,60,68,64,6,0,6,98,71,3,58,1,1
6.82,0,35,75,58,1,0,5,47,142,5,85,0,11
6.04,2,68,81,64,3,0,0,44,11,1,88,0,6
8.6,0,79,49,56,5,0,6,10,20,0,47,1,2
9.86,2,32,44,59,3,1,6,37,111,0,74,0,7
7.04,0,69,61,65,0,0,1,219,44,0,65,1,8
9.12,1,67,76,43,1,1,4,209,97,1,29,1,5
5.26,0,68,57,70,2,2,7,4,30,0,86,0,11
5.2,0,57,74,66,4,1,3,144,111,0,42,0,12
6.25,4,65,55,70,2,0,0,198,62,0,61,0,10
6.35,0,70,32,54,6,0,2,14,66,0,52,0,11
7.18,2,61,6,74,7,3,7,298,125,0,79,1,12
6.81,0,73,81,77,2,0,3,93,69,0,59,0,6
8.18,1,10,73,70,5,0,2,90,108,0,80,0,6
6.7,1,55,88,49,5,1,0,118,37,0,56,0,6
7.8,0,52,60,51,5,0,0,180,26,1,50,1,4
9.67,0,78,77,75,5,2,1,195,113,5,60,1,6
4.75,2,25,94,54,5,1,5,117,103,0,61,0,9
6.81,1,78,67,87,5,1,2,116,80,0,78,1,11
9.23,0,69,73,75,3,0,6,177,146,3,80,1,11
5.92,3,57,62,83,6,0,4,124,52,1,83,1,11
6.76,0,63,39,43,0,0,5,105,15,2,81,1,3
9.8,0,80,57,51,2,0,2,153,90,0,36,1,6
6.35,0,77,68,92,2,0,4,116,11,0,83,0,7
7.68,0,44,64,32,1,0,1,118,167,0,58,1,9
7.65,1,80,39,83,2,1,10,64,68,0,74,1,7
6.52,1,64,67,41,11,2,1,246,37,1,47,1,1
6.6,3,89,45,52,6,0,5,173,25,1,76,1,8
4.64,4,51,19,67,7,0,0,380,199,1,74,1,12
9.36,2,40,63,70,6,0,0,377,12,0,68,1,11
6.4,0,56,33,70,3,1,7,242,211,0,77,1,12
8.4,1,75,68,51,3,0,2,116,110,0,69,1,2
5.52,4,93,70,67,4,1,3,51,48,0,41,1,12
7.95,0,62,41,39,5,2,3,0,82,1,49,0,7
9.05,0,59,83,51,3,1,5,174,274,3,45,1,11
6.83,2,61,79,74,2,1,0,111,51,0,71,1,4
7.83,2,78,42,74,7,0,5,100,5,0,81,0,9
9.12,0,64,45,88,0,1,3,476,81,0,40,1,5
6.12,0,83,90,84,8,1,1,78,67,0,78,1,7
8.87,0,42,47,63,3,3,5,416,83,0,72,1,3
5.45,0,51,95,57,1,3,8,380,104,1,83,1,6
5.65,0,58,38,41,0,0,3,273,120,0,78,1,4
7.69,0,32,37,60,5,0,4,113,1,0,43,0,8
7.25,0,56,71,98,0,3,0,17,148,0,80,1,8
5.06,1,52,30,91,8,0,3,85,105,0,41,1,12
9.64,0,58,72,86,0,1,3,170,179,0,62,1,3
8.2,1,57,39,71,2,0,1,313,79,0,55,1,9
6.47,2,35,40,79,8,2,5,59,130,3,77,1,12
8.0,0,50,69,53,3,0,9,235,82,0,81,1,5
7.55,1,89,86,60,0,0,4,85,20,2,53,0,8
8.57,0,54,26,91,3,1,2,281,106,0,60,1,9
5.75,2,68,53,25,3,0,1,121,45,1,68,1,11
7.86,2,81,0,67,6,1,7,138,84,2,75,1,6
9.77,0,67,100,68,2,0,3,10,29,0,66,1,5
5.16,0,33,69,75,8,1,3,542,73,0,52,1,11
8.75,1,80,85,67,0,1,2,319,20,0,60,0,10
6.01,0,62,69,59,7,1,3,153,57,0,61,1,3
5.89,0,75,49,75,7,1,0,395,91,0,100,0,10
7.95,1,61,57,47,3,0,1,106,76,1,52,1,12
8.59,0,68,56,78,1,1,7,110,247,0,100,1,9
9.87,1,49,71,43,2,1,0,82,117,5,94,1,2
7.97,0,44,90,73,0,0,7,67,20,0,50,0,12
8.9,0,72,69,80,3,3,3,85,28,0,86,0,12
7.0,5,46,47,62,6,0,7,46,90,3,64,0,7
7.55,0,87,60,41,7,1,10,227,15,0,39,1,12
9.94,5,75,66,71,3,0,5,325,12,1,67,1,2
8.81,4,69,100,62,4,0,0,64,49,0,85,1,11
8.74,1,26,49,63,0,0,0,85,136,3,42,1,9
6.13,0,85,71,45,5,1,5,84,314,0,90,0,9
8.15,0,66,68,48,2,0,7,278,4,1,80,0,8
7.53,4,46,77,75,10,1,0,87,128,3,72,0,8
9.93,1,59,100,61,4,2,6,104,59,0,57,1,4
5.02,1,72,96,65,4,1,0,61,103,0,72,0,12
6.45,5,36,57,67,9,0,8,236,56,1,69,0,11
6.65,0,63,80,68,2,0,2,308,5,1,91,1,6
5.53,2,66,61,94,0,0,2,135,112,4,63,0,7
9.32,0,89,69,39,3,0,1,172,69,4,49,1,8
5.85,0,94,56,73,5,1,0,248,45,0,87,0,7
9.58,1,69,21,74,4,0,6,19,10,0,58,1,3
8.57,0,74,43,60,5,0,4,141,104,5,58,1,5
6.59,3,58,68,83,2,0,7,228,134,2,95,1,7
6.32,4,65,78,66,5,0,4,183,23,0,70,1,2
8.54,3,52,66,60,4,2,7,65,107,0,34,1,3
7.17,0,70,93,81,6,0,7,133,86,1,64,0,7
8.39,1,46,68,71,6,0,0,70,160,0,66,1,1
9.22,1,55,51,58,3,3,9,262,96,0,59,1,3
9.76,1,68,45,35,5,0,1,350,43,1,75,1,7
9.24,0,50,47,58,3,0,7,146,127,1,75,1,3
6.13,4,70,83,92,5,1,0,38,105,0,56,1,11
5.88,3,64,56,57,3,0,6,189,45,0,74,1,9
8.27,1,72,69,59,4,0,7,157,74,5,45,1,4
9.39,2,80,50,20,7,0,3,157,60,0,61,1,1
6.92,1,71,5,76,4,1,1,257,41,0,47,1,9
6.9,3,36,55,56,5,0,4,79,57,0,73,0,10
5.12,0,69,38,73,2,1,0,239,40,0,27,1,3
8.06,5,78,71,72,9,1,6,284,7,0,61,0,9
5.31,3,88,20,48,2,0,0,347,95,0,99,1,2
8.41,2,68,69,44,7,1,0,260,133,0,40,1,2
6.38,0,67,52,78,2,0,1,42,188,0,51,0,6
4.98,1,33,100,72,4,0,2,47,218,0,65,1,7
6.14,0,64,80,44,2,0,2,387,63,0,66,1,5
7.47,5,57,45,98,2,1,1,58,133,0,67,1,1
4.87,0,79,68,98,1,1,8,114,22,0,72,1,6
7.57,0,53,62,45,3,1,6,202,127,1,77,1,2
9.0,0,100,88,72,2,0,5,299,59,2,73,1,8
4.63,1,50,43,100,2,3,1,231,40,0,87,1,9
8.25,2,59,76,77,3,0,3,9,4,0,57,1,8
9.12,5,39,36,37,7,0,3,97,226,0,59,1,7
9.03,1,84,49,84,1,3,1,262,143,0,62,0,10
7.47,1,59,37,85,2,0,3,167,17,0,70,1,7
4.96,0,63,59,65,1,0,1,49,86,1,18,1,8
4.82,2,55,35,89,10,1,5,291,5,1,49,1,4
9.85,0,54,56,84,2,0,2,203,67,0,42,1,10
9.24,0,68,45,81,1,0,10,218,129,0,73,1,10
8.06,0,61,37,44,0,1,4,5,96,0,37,0,10
9.51,2,64,52,43,4,0,3,162,193,0,100,1,12
8.78,0,79,76,67,3,0,4,68,184,0,87,0,9
7.29,0,68,69,46,3,0,0,147,96,3,49,1,9
6.15,5,55,63,88,4,1,9,59,51,0,55,1,1
9.02,3,93,61,71,2,0,1,262,41,0,35,0,7
4.94,0,97,34,60,4,1,4,170,260,0,54,1,10
5.43,0,69,57,94,2,0,5,89,18,1,36,1,3
9.25,0,73,38,46,7,0,2,31,11,2,83,1,9
9.0,0,77,28,61,6,1,0,56,169,2,82,1,8
5.49,0,46,66,56,6,0,3,11,146,0,100,0,10
8.04,0,49,59,40,0,1,3,113,197,0,80,1,2
8.29,3,42,30,52,10,0,3,147,162,0,68,0,8
7.96,2,66,70,94,5,0,0,17,54,4,51,0,11
6.77,2,85,63,56,3,0,1,175,210,0,40,0,6
7.54,2,86,40,52,7,3,5,155,158,0,73,1,3
6.27,1,40,30,82,1,0,2,244,237,1,59,1,7
6.89,0,44,54,61,2,0,2,61,84,0,43,0,11
6.49,0,74,42,34,0,1,1,51,262,1,37,1,11
6.28,0,67,58,27,9,0,0,205,106,0,69,1,9
4.74,1,49,52,31,7,0,1,44,136,1,89,0,10
8.65,0,47,68,65,4,0,6,19,140,0,100,1,6
5.32,0,80,60,53,3,2,2,38,134,0,53,0,7
5.58,0,41,32,43,10,0,1,153,32,2,52,1,10
5.29,0,95,66,55,4,1,1,19,15,5,61,0,7
4.85,4,69,23,66,0,1,0,140,8,0,64,1,3
9.94,0,59,67,78,4,0,1,30,29,0,55,1,2
6.92,2,70,60,42,4,0,2,53,75,0,68,1,2
5.88,0,59,65,42,0,0,2,426,27,1,55,1,5
7.77,1,43,74,48,5,0,0,110,60,0,79,0,12
8.27,0,33,58,32,4,0,6,97,35,1,97,1,5
7.79,1,65,69,75,5,0,8,307,117,2,59,0,9
8.62,5,100,33,47,2,1,0,319,146,0,56,0,6
8.97,3,67,31,73,5,1,6,101,94,3,42,1,7
7.41,0,60,78,74,4,1,7,138,127,0,100,1,1
4.84,5,90,84,52,6,0,3,532,148,3,71,1,7
9.55,0,44,55,57,4,0,1,121,83,1,73,1,9
9.82,0,82,73,43,7,0,4,323,121,1,90,1,1
8.9,3,46,66,57,4,0,4,210,87,0,69,1,10
6.51,3,96,85,49,10,3,0,231,21,0,45,1,4
7.42,0,67,65,71,2,1,0,172,105,1,53,1,6
7.68,5,83,28,65,5,3,8,38,111,0,82,1,7
6.72,4,57,80,87,7,1,2,98,58,0,48,1,7
6.85,1,79,69,61,1,0,3,22,114,0,96,0,12
5.57,2,52,53,50,3,3,7,114,57,0,57,1,1
9.87,0,81,62,40,3,1,6,100,135,0,88,0,7
9.94,0,56,66,47,6,2,5,239,114,0,74,1,7
7.59,1,73,64,12,2,0,4,421,91,0,26,1,1
5.59,2,84,73,35,3,0,9,40,131,0,52,1,7
5.77,0,84,53,78,5,0,3,74,83,0,66,0,12
6.43,0,45,16,41,3,3,1,70,120,0,66,0,9
5.92,2,51,40,84,5,3,8,86,105,1,70,0,10
4.91,0,70,35,42,5,1,1,32,47,5,66,0,10
7.38,0,89,100,60,4,0,6,149,57,0,62,1,11
8.95,0,83,65,56,5,0,1,307,61,2,55,1,10
9.66,1,70,39,54,5,1,2,455,54,1,62,0,7
5.47,1,90,59,60,1,1,5,136,28,3,89,1,6
6.57,0,97,58,69,1,0,7,507,123,0,43,1,11
5.53,1,63,34,70,4,0,0,41,212,0,61,0,9
8.29,0,50,82,34,3,3,1,275,252,0,23,0,6
8.35,3,63,65,64,2,0,1,3,30,1,55,1,6
4.95,5,19,53,62,3,0,4,158,74,0,65,0,6
4.9,0,48,52,57,5,0,2,47,154,2,67,1,6
5.53,0,46,68,32,5,1,1,323,46,2,60,1,7
9.37,0,70,30,70,3,0,0,333,55,1,78,1,5
8.96,3,36,64,55,3,0,0,75,113,0,52,1,1
7.85,0,55,100,83,1,1,5,78,145,0,75,1,6
4.87,0,76,62,47,2,1,7,92,12,0,78,0,8
6.0,4,57,37,66,9,0,1,62,85,0,89,1,4
6.48,0,72,82,72,5,1,3,232,109,0,78,1,11
9.43,0,67,84,82,0,1,9,197,11,0,77,1,4
7.44,0,63,60,37,0,0,9,107,20,0,95,1,5
9.02,0,67,51,51,3,0,0,85,41,0,76,0,10
6.13,1,81,57,53,0,1,5,42,35,1,59,0,11
6.74,3,44,69,10,7,0,7,273,135,1,67,1,10
8.71,0,50,65,83,7,0,0,120,74,1,54,1,8
8.59,2,54,62,67,4,0,4,194,7,0,63,0,9
9.22,2,59,78,35,5,0,3,47,142,0,43,0,12
9.3,0,78,41,59,2,1,1,313,134,0,59,0,7
9.54,0,67,30,82,3,0,3,308,38,0,64,1,6
6.99,3,89,59,74,1,0,8,63,21,0,84,0,11
9.48,0,64,61,83,8,0,4,131,56,0,53,1,8
8.2,0,59,54,71,5,0,3,56,9,4,45,0,6
7.92,1,65,38,75,9,1,1,56,122,0,93,0,7
8.09,0,68,60,59,3,2,1,55,41,0,36,0,9
5.26,1,78,62,24,1,0,8,65,89,0,61,0,12
7.23,2,71,77,41,2,0,3,59,81,0,63,1,1
8.83,3,55,40,60,0,0,2,25,93,0,87,0,9
8.26,2,41,76,44,0,2,6,65,163,0,73,1,12
5.9,2,63,15,49,6,1,1,170,188,1,78,1,5
7.94,2,30,88,87,9,1,1,376,115,0,58,1,11
7.6,0,64,65,63,4,0,0,66,101,1,51,1,2
9.39,3,52,100,67,3,1,0,119,46,0,48,0,10
9.48,0,57,34,80,0,3,5,227,142,0,83,1,7
7.43,2,68,63,50,2,0,1,131,256,0,76,0,11
4.84,1,50,35,59,2,1,1,207,43,1,58,1,10
8.67,0,75,96,67,1,0,0,286,6,0,93,1,1
9.81,1,53,45,40,4,1,8,262,73,1,22,1,1
9.73,2,70,67,50,0,1,1,126,79,3,68,0,10
4.58,0,71,73,52,8,2,5,291,122,5,58,1,9
4.74,2,47,36,55,11,0,8,130,208,3,93,1,6
9.94,0,69,17,74,2,0,0,62,5,2,77,1,12
5.87,0,59,48,52,7,0,2,5,103,2,56,1,6
6.7,1,84,61,30,6,0,9,285,117,0,79,1,4
9.96,1,84,59,75,6,0,7,235,87,0,40,1,9
7.57,3,33,59,60,2,0,8,128,134,4,47,1,10
7.75,1,74,57,85,3,2,5,277,185,1,86,1,2
6.75,2,44,69,82,12,2,0,92,83,3,69,1,1
5.02,5,65,71,51,7,0,4,179,108,0,83,0,9
8.5,3,47,90,45,6,2,0,353,28,0,19,1,3
7.41,2,40,89,78,2,0,2,238,110,2,36,1,6
8.6,3,62,59,57,5,0,3,17,106,1,63,0,10
8.23,4,67,16,55,5,2,0,201,44,2,51,0,6
4.52,0,71,68,69,10,1,0,176,92,3,36,1,9
8.19,4,51,35,69,7,0,5,17,87,0,49,0,9
9.08,0,100,67,63,4,1,10,225,30,0,41,1,6
6.45,1,70,51,82,8,0,1,269,129,0,91,1,10
6.93,0,76,52,16,2,1,2,309,111,1,42,1,9
8.02,0,70,69,68,8,0,2,225,49,0,86,1,1
9.54,0,58,23,27,3,2,4,224,6,0,87,1,8
5.17,0,69,55,79,4,0,3,60,54,1,60,0,11
8.42,0,67,42,55,4,0,9,257,45,0,50,1,9
4.84,0,82,62,85,1,0,2,148,108,1,78,1,11
5.97,3,74,67,38,3,0,4,82,4,0,82,0,11
6.03,3,73,59,56,8,1,2,105,101,0,69,1,5
8.03,1,59,56,70,1,0,5,210,177,0,68,1,7
5.81,2,47,57,69,5,2,2,303,96,2,87,1,8
8.91,1,70,68,53,8,0,2,329,72,3,67,0,12
5.98,4,27,46,56,0,0,4,128,56,0,48,0,9
8.09,0,53,78,77,2,0,2,6,64,1,15,1,9
9.26,1,96,57,91,1,0,2,147,3,1,65,1,9
5.09,0,64,61,100,7,0,2,144,20,5,39,1,9
5.62,0,64,90,28,4,3,8,294,52,3,60,1,12
6.69,2,79,76,53,6,1,0,79,34,2,47,1,12
6.59,0,81,69,54,12,1,1,73,162,0,64,1,6
6.87,0,53,47,74,3,0,4,308,76,0,100,1,1
5.3,0,75,76,84,4,0,0,121,155,0,79,0,10
6.71,0,77,67,80,7,0,4,137,22,2,84,1,2
4.67,0,76,35,88,3,3,4,189,35,0,72,1,1
5.76,0,27,100,49,3,0,1,46,76,0,100,0,11
8.63,1,49,73,62,1,0,7,518,82,0,73,1,6
8.01,0,59,59,72,5,0,4,458,107,0,75,1,5
5.77,2,85,65,54,4,0,4,73,15,1,100,1,5
5.07,0,75,29,44,3,0,4,136,77,0,53,0,6
5.96,0,39,51,62,6,0,1,5,138,1,60,1,11
7.16,2,78,88,56,5,1,2,32,86,2,76,1,9
4.78,1,73,100,92,2,0,1,324,34,3,76,1,9
6.8,0,65,68,69,5,0,10,212,2,1,66,1,1
6.19,0,65,72,57,3,0,8,306,185,1,57,0,6
8.06,1,83,38,62,5,0,0,134,75,0,55,0,11
9.64,1,82,71,70,4,3,1,347,115,0,33,1,10
9.1,5,62,69,55,1,3,2,223,29,1,45,1,9
6.89,0,73,56,33,5,1,0,157,167,1,95,1,2
6.21,4,67,67,77,12,0,2,172,55,0,89,1,11
9.68,1,85,66,89,7,0,10,49,28,1,58,0,10
7.46,0,61,45,59,5,0,2,57,240,1,72,1,5
9.35,0,78,68,97,7,0,5,31,147,0,93,1,10
7.02,0,52,85,61,5,0,0,128,63,1,56,1,3
9.51,1,100,77,75,3,1,4,185,89,3,33,0,11
5.54,0,84,31,60,0,0,6,27,12,1,96,1,6
7.45,1,74,62,90,3,0,1,129,117,2,34,1,5
7.44,1,66,57,27,2,0,1,127,24,0,91,0,12
8.44,1,63,64,56,0,0,7,100,213,1,81,0,6
8.14,0,54,54,68,2,1,5,156,79,5,59,1,10
7.24,0,82,47,100,0,3,3,53,50,0,66,1,4
7.88,0,68,80,73,2,0,1,157,113,1,65,0,9
8.1,0,69,68,63,3,0,0,189,79,0,46,0,10
6.97,1,100,57,76,6,1,4,74,12,0,68,1,7
4.6,4,53,81,64,7,0,1,107,175,0,57,1,7
8.3,0,100,10,50,5,0,6,298,149,0,39,1,8
7.91,5,59,36,100,3,1,8,13,102,0,61,0,8
5.66,3,26,20,80,3,2,8,174,1,2,83,0,6
9.7,0,54,62,33,6,0,2,102,33,0,54,0,10
7.19,1,93,69,69,4,3,10,171,4,1,52,1,5
6.39,2,46,39,32,8,1,1,260,43,1,74,1,2
9.67,1,51,73,46,5,0,5,270,42,0,69,1,2
9.52,1,85,62,98,3,0,5,315,60,1,49,0,7
7.36,0,36,74,41,2,0,1,300,22,5,69,1,12
5.27,4,73,45,27,6,0,4,57,84,0,77,1,12
6.3,0,70,27,61,0,3,6,97,56,1,72,0,7
5.34,0,59,67,59,12,3,3,18,107,0,62,1,1
5.72,1,56,80,69,7,1,0,109,171,0,50,1,6
9.16,2,66,11,62,0,0,6,31,82,0,45,1,12
8.2,1,33,32,61,6,0,2,275,51,2,33,1,5
5.2,1,68,63,65,3,2,0,80,40,4,80,1,7
7.44,0,32,86,64,4,0,2,63,26,0,54,1,2
7.72,0,51,59,43,2,0,1,90,140,3,65,1,9
5.47,1,68,77,93,2,1,1,10,173,0,76,1,1
6.1,0,62,55,52,11,1,2,321,109,4,37,1,8
5.25,2,51,70,54,2,0,0,84,139,3,72,1,11
9.9,0,53,32,76,1,1,2,160,12,0,54,1,7
5.3,2,41,62,65,2,3,3,190,159,0,81,1,9
6.92,0,90,95,49,3,0,3,124,125,0,68,1,1
8.17,0,80,43,31,1,3,1,26,253,0,60,1,8
6.37,0,47,47,59,3,0,8,199,43,0,68,0,6
9.21,4,70,14,61,0,1,6,107,83,4,65,0,7
7.59,4,52,52,60,0,1,4,137,144,0,72,0,10
7.1,4,72,69,48,4,1,0,81,140,1,58,0,12
5.13,2,51,51,67,0,2,0,30,33,0,38,1,6
7.2,0,77,20,55,4,1,4,472,67,0,39,0,7
6.96,4,86,87,45,3,1,9,153,47,0,33,0,6
9.55,2,70,39,66,1,1,0,179,89,0,39,1,4
5.01,0,65,40,33,2,0,4,255,87,0,39,1,1
7.63,0,50,29,71,3,1,7,257,166,0,48,1,10
9.31,3,100,63,34,1,0,7,131,207,0,81,0,12
9.36,3,100,54,55,3,0,0,26,67,0,60,1,10
7.29,1,93,66,53,6,0,3,6,63,0,81,0,12
7.8,0,89,57,41,4,0,5,234,147,0,67,1,7
7.42,4,75,60,26,2,1,1,189,12,1,66,0,12
4.62,0,51,75,58,8,1,4,157,66,0,44,1,3
5.62,0,80,71,64,4,0,7,95,217,1,56,0,10
7.97,0,72,72,57,8,0,1,125,80,0,48,0,9
9.74,1,68,64,43,5,1,2,31,13,0,60,1,6
8.54,0,36,64,63,4,1,1,15,43,1,97,1,9
9.46,1,63,78,79,5,0,6,176,101,0,29,1,7
9.29,0,54,76,50,11,0,0,130,228,0,67,1,1
6.39,5,81,73,61,4,0,0,119,129,0,42,1,3
8.02,1,44,80,33,5,0,0,115,102,0,32,1,6
4.61,3,100,66,79,4,1,6,11,36,1,55,0,10
5.26,0,78,78,100,9,1,2,92,51,5,84,1,8
8.63,0,80,47,23,8,1,2,257,130,0,41,0,8
8.13,1,49,32,91,9,0,1,12,185,0,37,1,2
9.34,1,50,12,58,6,1,5,79,69,0,78,1,11
4.51,0,83,76,57,3,1,1,260,151,0,100,1,4
7.78,1,64,59,81,4,0,1,124,165,4,100,1,1
9.98,0,27,43,59,8,1,3,179,131,1,76,1,12
6.06,0,39,46,33,6,0,7,131,120,0,79,0,10
8.39,2,63,54,33,5,1,7,48,9,1,55,1,9
8.9,0,70,65,31,8,2,2,206,187,0,83,1,8
9.74,0,83,47,77,2,3,2,56,12,3,63,1,8
9.3,1,64,57,88,9,0,2,424,211,2,57,1,5
7.78,2,72,64,51,3,0,8,103,84,4,74,1,5
8.38,0,91,46,79,12,1,2,143,79,0,81,1,10
7.29,0,70,78,72,10,0,0,44,135,1,55,1,12
6.5,0,63,26,74,9,1,2,117,72,0,42,1,10
8.45,1,66,57,62,1,0,3,21,23,2,37,1,9
9.61,3,51,54,99,1,0,3,150,236,1,45,1,2
5.2,2,30,38,50,3,1,0,143,108,2,61,1,10
7.66,0,58,65,68,3,1,0,18,81,0,59,0,11
8.59,1,37,33,31,0,1,3,82,49,4,70,1,10
7.42,2,82,59,43,2,1,5,211,56,3,63,0,10
4.89,0,66,60,69,3,1,2,587,59,0,78,1,11
8.16,0,47,72,60,7,2,0,37,66,0,53,0,9
7.63,4,78,36,38,1,0,1,50,80,0,82,0,10
8.79,3,98,47,50,2,0,2,251,42,0,73,0,10
5.69,0,57,57,47,4,1,0,42,127,0,57,0,8
5.06,1,78,48,57,4,0,2,320,79,0,37,1,10
5.67,0,38,68,82,9,1,0,99,167,1,79,1,3
6.91,0,88,79,42,3,0,2,149,93,0,58,1,7
9.61,0,77,32,71,4,0,7,14,47,0,63,1,11
9.49,0,77,70,86,4,2,3,148,6,1,53,0,9
7.48,0,20,51,72,3,0,5,373,1,0,51,1,10
7.53,0,78,25,36,1,1,8,121,37,0,47,1,12
9.0,3,52,71,89,6,0,3,62,50,4,82,1,5
8.82,0,62,100,78,7,3,2,450,116,0,48,0,11
9.31,2,57,46,56,1,0,2,369,109,0,41,1,8
6.85,0,44,100,41,4,0,4,173,43,1,84,0,9
8.89,0,63,47,53,2,0,4,148,18,0,60,1,10
4.83,0,100,22,30,2,2,6,307,131,0,54,0,6
6.18,0,83,45,54,7,1,1,54,89,0,61,0,11
6.1,0,64,64,65,7,1,3,73,146,0,77,1,9
7.38,3,62,46,73,6,0,5,168,21,0,78,0,12
7.38,4,63,40,63,8,1,3,281,63,0,83,0,10
4.82,1,49,59,37,4,0,1,104,64,1,51,0,6
9.34,0,54,81,32,8,1,9,158,132,0,51,0,11
6.87,0,41,53,36,1,0,3,76,190,0,65,0,9
5.71,4,53,75,71,5,0,0,52,35,0,79,0,10
7.56,1,46,82,40,1,0,1,212,148,0,87,1,1
8.67,0,64,85,41,1,2,3,290,97,1,83,1,9
5.69,3,67,48,10,2,3,6,26,124,0,48,1,1
6.79,2,63,63,88,8,0,2,174,266,2,84,1,5
9.73,0,75,58,86,4,1,8,27,63,0,77,0,6
7.07,3,45,38,91,4,0,3,229,44,5,62,1,3
7.89,1,77,63,63,0,0,0,24,3,3,78,0,11
6.17,0,63,73,53,7,2,7,248,67,1,51,1,11
4.86,0,55,66,65,0,0,1,1,67,0,63,0,8
8.12,3,61,65,100,2,2,2,24,23,1,94,1,12
5.72,5,87,77,99,3,0,2,79,7,0,48,1,5
8.77,0,50,40,41,5,0,8,20,38,0,68,1,10
8.81,0,50,53,64,1,0,7,123,45,2,49,0,12
9.95,5,49,50,51,0,0,7,95,151,0,83,1,1
7.65,4,45,49,49,1,0,2,130,7,1,65,1,11
9.35,1,71,55,37,6,1,2,175,88,1,64,1,12
8.86,4,36,72,28,1,1,3,248,154,0,70,1,11
8.18,0,70,64,76,0,0,3,84,32,0,83,1,2
9.33,0,67,69,51,6,1,5,10,1,0,47,1,8
5.42,1,69,54,25,6,0,8,70,23,0,68,0,9
4.9,0,71,37,59,7,1,6,127,184,4,73,1,8
9.69,1,84,44,61,2,1,8,544,93,2,81,0,10
9.97,5,74,14,35,3,0,4,164,243,0,51,0,7
5.53,1,66,37,72,6,2,1,133,60,0,60,1,12
8.78,3,60,41,36,3,1,1,68,73,3,47,1,6
9.61,1,70,82,58,2,0,1,59,143,4,81,1,8
6.1,1,100,77,78,3,1,2,277,61,5,79,1,5
7.46,0,92,31,73,0,1,6,66,114,0,57,1,1
4.63,5,61,39,84,5,0,5,77,105,1,77,0,12
8.24,0,68,72,25,4,0,0,214,190,0,57,1,11
4.59,1,77,80,84,11,0,4,523,196,3,100,1,12
9.57,0,71,79,57,9,0,9,446,27,0,67,1,10
9.85,0,43,26,88,2,1,2,134,25,0,83,1,11
5.02,1,48,80,85,9,1,4,87,114,0,51,0,11
6.98,0,61,81,66,3,0,4,138,106,3,57,1,1
6.66,1,57,100,53,3,1,3,3,14,0,100,1,2
8.56,0,56,47,46,2,0,2,52,108,0,76,1,5
8.94,0,70,43,59,9,1,1,224,75,0,92,0,10
5.39,0,76,62,72,7,0,1,157,113,0,79,1,5
8.81,0,50,46,19,2,0,1,66,4,1,72,0,6
8.72,5,28,66,37,9,0,5,206,40,0,55,1,2
5.54,2,50,63,44,1,2,2,111,18,0,61,0,10
7.87,0,42,62,26,0,0,8,208,82,3,77,0,9
4.98,0,65,55,65,5,1,4,263,98,0,56,0,7
6.77,3,37,34,57,4,1,8,356,128,1,39,0,6
8.81,0,63,69,100,5,0,2,64,10,5,76,1,3
9.13,0,65,50,84,5,1,1,20,19,0,59,1,10
5.33,0,79,67,55,5,0,0,5,10,0,36,0,6
7.07,0,76,31,81,2,0,6,66,112,0,42,0,12
6.82,5,43,49,92,6,1,2,492,22,2,83,0,10
5.42,0,73,58,82,4,0,1,133,194,0,71,0,6
8.21,1,47,29,68,7,1,6,22,50,0,93,0,9
9.82,2,62,51,55,8,3,2,392,217,0,74,1,11
6.8,1,71,85,42,0,1,1,260,91,0,40,0,8
9.28,0,57,66,91,5,1,7,214,25,0,61,1,3
5.51,1,61,32,62,1,3,1,167,38,0,62,0,7
6.27,0,58,51,100,0,0,2,134,149,0,21,0,6
8.95,0,49,68,30,2,1,7,79,84,0,85,1,5
9.5,1,67,49,50,2,1,7,34,210,0,75,0,9
6.59,0,69,38,85,6,0,6,68,177,0,47,1,8
9.19,0,100,60,44,4,0,1,173,73,1,24,1,8
6.61,0,75,43,58,4,1,2,133,23,0,70,1,10
7.34,4,73,73,6,7,0,7,158,174,1,49,0,6
9.58,1,79,36,39,4,0,1,242,136,0,83,0,11
7.64,0,57,100,58,5,0,2,239,90,0,59,1,10
9.13,0,65,71,58,2,0,6,194,24,0,94,1,2
6.22,1,37,48,76,7,1,6,76,14,3,78,0,7
8.47,1,82,39,51,3,2,4,264,40,4,83,0,6
9.19,0,26,81,57,2,0,2,208,113,0,94,1,8
8.72,0,60,66,100,8,1,4,304,67,0,77,1,5
8.58,0,83,50,100,2,0,7,115,94,0,91,1,2
6.5,0,53,44,100,2,1,0,389,125,0,50,0,6
7.94,5,49,39,77,1,0,1,45,31,3,85,0,8
7.27,0,66,53,83,0,1,7,212,184,0,60,1,9
7.79,4,59,82,67,5,0,2,67,21,0,35,1,5
5.52,0,77,70,52,7,2,3,142,60,0,74,1,6
6.86,0,71,67,59,0,3,2,70,31,1,57,1,2
9.17,0,57,78,68,1,1,8,74,119,0,59,0,9
6.77,2,71,54,44,1,0,6,156,3,0,57,1,1
6.0,0,64,69,50,6,0,3,137,47,0,74,1,3
6.18,0,67,51,80,6,0,6,201,50,1,48,1,8
9.37,1,72,26,47,0,0,3,108,129,1,66,1,12
9.73,5,14,79,39,5,1,3,353,32,0,63,0,8
6.51,2,97,65,44,1,1,0,110,243,1,71,0,9
9.22,0,59,75,59,3,0,2,186,37,2,64,0,12
7.81,0,58,61,47,4,1,1,55,112,0,43,1,5
9.58,0,81,74,45,1,0,4,16,125,0,69,1,4
8.09,0,57,100,70,0,0,2,230,207,0,55,0,12
9.79,1,85,20,64,2,0,3,139,104,0,53,1,8
8.49,0,65,69,69,4,0,6,286,96,1,18,1,6
7.12,1,58,53,84,4,0,2,53,224,0,44,1,6
6.11,0,71,62,53,6,0,4,334,53,4,43,1,9
6.56,2,50,43,60,4,0,6,94,115,0,48,1,9
8.4,1,63,35,62,6,0,2,8,189,2,54,0,6
5.55,1,70,62,79,3,2,2,235,123,3,51,1,11
8.69,0,71,91,62,0,0,0,57,44,0,72,1,11
5.91,3,90,46,67,5,1,2,126,90,0,100,0,11
5.67,3,65,80,43,4,0,5,94,4,1,92,1,11
8.89,0,74,49,59,4,3,1,76,96,0,46,1,5
6.57,0,57,46,45,5,0,1,14,67,0,58,1,11
5.14,1,53,80,63,3,1,4,208,11,3,64,1,2
4.93,5,57,73,44,5,0,4,60,67,0,83,0,7
8.3,3,72,36,45,5,2,3,100,47,3,63,0,10
5.45,1,73,44,37,2,1,5,188,97,0,84,0,8
9.2,0,65,61,68,5,1,1,16,155,0,88,1,9
5.91,0,36,57,64,10,3,1,343,138,0,81,0,6
4.63,0,83,19,78,0,0,3,71,75,0,41,1,4
8.36,0,70,0,49,6,0,6,199,94,0,51,1,11
5.06,1,82,72,64,3,0,1,133,53,1,73,1,1
5.76,0,63,79,72,9,1,1,241,15,1,70,1,3
9.36,1,66,74,61,0,0,1,25,124,0,81,1,5
5.68,1,81,89,55,2,0,5,265,11,1,35,0,11
8.95,2,100,44,82,1,1,1,32,110,0,61,0,11
6.67,0,53,55,58,6,2,6,77,16,0,71,0,7
5.67,0,72,83,54,8,1,0,96,187,0,82,1,10
5.91,2,68,64,54,6,0,1,49,71,0,93,1,11
9.47,1,47,67,64,8,1,0,273,62,0,47,0,10
9.92,2,34,55,50,4,0,2,428,41,0,38,1,8
6.92,0,68,59,55,6,1,1,625,93,2,75,1,2
8.85,2,49,66,50,3,0,8,334,41,3,60,1,3
5.19,1,77,37,80,10,1,1,57,38,0,55,0,11
7.91,4,77,38,74,2,0,7,120,217,0,81,1,8
8.85,2,56,66,77,3,1,3,227,247,0,66,0,7
5.28,5,68,47,68,3,1,6,114,18,0,71,1,2
6.24,4,77,48,87,3,1,2,51,41,0,41,0,7
9.52,0,59,58,62,9,1,4,168,113,1,86,0,12
8.2,5,49,84,81,5,0,3,292,50,0,92,0,7
6.89,2,43,60,61,1,1,8,104,53,2,95,0,9
7.54,1,79,29,82,0,0,8,42,2,2,80,0,8
7.99,0,99,44,62,5,0,8,349,134,0,73,1,10
5.32,2,68,43,30,1,0,10,491,39,0,71,0,11
7.75,0,78,46,48,6,1,4,101,96,0,75,0,12
6.57,0,65,92,65,4,1,7,266,119,0,55,1,7
8.23,1,41,46,64,2,1,3,196,164,0,100,0,9
6.04,0,68,50,89,9,1,2,572,73,0,60,1,6
9.95,0,57,36,66,2,0,4,207,121,1,63,1,12
7.19,1,76,69,72,6,0,3,79,157,2,86,1,4
4.71,1,64,73,38,6,0,4,57,167,0,98,1,5
8.96,0,100,37,72,0,0,2,312,72,1,65,1,4
4.96,5,58,23,43,3,0,3,95,107,1,49,0,12
6.66,2,85,85,34,4,0,2,46,169,3,89,0,8
5.23,2,66,54,40,2,0,0,124,69,0,84,1,3
4.69,3,69,84,77,1,2,4,15,116,3,46,0,6
5.07,2,89,85,49,8,1,8,194,123,0,71,1,2
7.94,0,57,56,66,10,0,2,41,115,1,59,1,4
6.28,0,47,70,29,1,3,2,21,185,0,49,0,12
5.33,2,72,45,60,8,0,4,91,84,0,51,0,7
8.6,0,90,32,87,7,0,9,112,20,0,36,1,6
9.56,0,100,48,47,4,2,6,255,156,1,36,1,9
5.91,0,62,73,72,6,0,2,152,111,0,35,1,8
7.01,0,100,39,62,3,0,0,11,104,1,66,0,12
6.17,2,100,43,76,1,0,6,95,90,1,66,1,1
4.73,0,71,87,65,3,0,0,247,170,0,46,0,12
5.02,2,72,44,67,6,3,0,141,66,1,57,1,7
7.33,1,55,100,80,3,1,0,11,122,0,58,1,10
7.98,1,62,77,56,8,1,1,78,41,0,42,0,8
4.67,0,93,61,63,4,0,4,112,62,1,82,1,1
8.87,4,25,64,73,4,0,6,185,51,0,40,0,8
5.74,0,49,100,57,4,0,10,147,15,0,76,0,7
8.42,0,54,15,92,4,0,0,35,2,2,54,1,1
5.42,3,99,50,51,1,0,3,371,40,1,69,0,6
7.14,0,50,85,79,1,0,2,111,13,0,83,0,11
7.74,2,36,54,41,3,1,5,137,114,1,41,1,8
6.15,0,56,89,72,5,1,1,48,175,1,28,1,7
8.81,2,63,56,83,1,1,3,327,58,0,73,0,6
8.93,2,57,73,78,8,1,6,314,35,0,90,1,3
7.18,2,77,98,58,8,2,6,108,10,1,69,1,4
6.52,0,56,53,66,5,1,1,72,149,4,87,1,11
4.65,4,64,72,68,5,0,4,387,93,1,41,1,12
8.29,2,61,54,58,3,1,3,142,34,0,38,0,10
5.0,5,31,56,54,0,1,2,25,100,0,53,1,6
9.94,1,85,52,31,3,1,0,19,3,0,43,0,12
7.79,0,50,80,41,3,0,0,22,22,1,44,0,9
9.09,0,66,76,61,8,0,9,99,18,0,58,1,9
6.69,2,73,63,66,0,1,8,134,64,1,51,1,5
7.05,2,83,49,50,1,2,3,128,32,0,30,0,7
4.97,2,34,54,67,7,0,3,119,27,0,57,1,11
5.17,5,32,33,54,0,0,5,31,64,0,93,1,4
9.48,2,52,81,77,0,0,0,60,15,1,72,1,7
8.04,0,59,35,51,1,2,0,281,58,1,63,0,9
9.81,0,94,77,59,0,0,0,310,5,0,33,1,7
7.64,0,64,50,75,4,1,8,96,73,0,62,1,2
8.07,0,66,50,29,1,1,7,278,112,0,65,0,8
7.43,0,50,49,47,4,0,2,256,194,0,80,1,6
8.11,3,88,74,72,9,1,2,213,59,0,88,0,6
7.23,1,53,69,60,7,1,3,89,2,4,70,0,11
8.47,0,81,81,87,6,0,8,164,28,1,74,1,7
7.67,3,79,65,67,7,1,5,10,1,0,87,0,8
9.49,0,64,16,43,1,2,6,303,147,0,67,1,1
7.76,5,37,60,33,3,1,1,407,81,1,56,0,8
4.93,0,42,61,66,3,0,1,197,311,0,74,0,10
7.79,0,100,91,67,1,0,6,16,48,0,47,1,4
4.87,0,62,54,69,8,1,2,83,131,0,47,1,11
4.58,1,83,62,70,12,0,0,41,31,1,61,1,8
6.04,0,61,85,67,0,0,3,107,143,0,35,0,7
5.78,0,60,63,50,3,1,3,354,228,0,47,1,2
9.25,0,79,42,57,1,0,5,242,27,0,50,0,12
6.33,2,69,67,61,2,1,1,129,84,0,76,0,12
5.21,0,100,56,68,3,0,8,163,50,1,67,1,7
6.34,1,91,39,53,3,1,2,90,39,0,62,1,7
6.86,2,54,60,64,5,0,4,96,73,0,78,0,6
9.81,4,81,60,56,3,0,7,288,41,0,63,1,5
8.37,0,48,67,75,2,0,1,59,74,3,67,0,7
6.3,4,91,75,61,7,1,0,119,86,0,93,0,12
7.5,0,91,59,52,2,0,5,40,4,0,77,0,10
8.42,0,65,38,57,5,0,4,256,58,0,59,1,4
7.5,0,72,61,45,5,1,2,208,55,0,60,1,8
9.09,0,86,15,66,8,0,2,190,88,0,56,0,10
6.74,0,64,46,100,2,2,2,362,160,1,56,1,12
8.67,1,48,50,62,0,0,1,277,121,0,73,0,11
7.52,0,74,48,55,2,1,8,384,13,0,82,1,6
5.61,0,64,53,43,7,0,2,363,97,0,78,1,6
7.46,1,40,80,43,3,0,5,75,26,1,62,0,6
7.38,0,47,84,34,5,0,6,40,132,1,73,0,6
7.34,0,100,55,75,5,1,2,381,0,0,70,0,7
5.97,0,79,58,43,9,0,4,131,78,3,53,1,2
8.94,2,55,54,39,4,0,2,128,127,1,72,0,10
7.81,2,65,69,68,8,0,0,187,59,0,67,0,7
9.49,0,88,74,74,7,3,5,240,74,1,63,1,2
8.78,1,21,69,100,7,1,9,147,115,2,67,1,4
5.82,0,53,53,57,2,0,10,73,43,1,53,0,7
5.89,1,52,58,72,9,2,0,15,54,5,19,0,7
5.23,0,55,88,46,5,0,1,13,84,0,40,0,12
6.08,0,61,65,60,6,1,0,188,98,3,47,1,4
5.81,0,100,71,85,8,0,3,181,97,0,86,0,9
9.06,0,80,54,59,3,3,2,189,4,2,50,1,12
5.46,0,80,62,31,2,0,7,213,37,3,71,1,3
8.46,1,40,70,83,4,0,5,387,75,0,56,1,6
8.62,1,68,55,75,3,1,3,163,67,1,76,1,3
6.97,0,92,56,63,5,0,0,229,135,0,46,1,11
6.43,1,70,81,31,4,0,1,237,22,1,74,1,12
6.14,0,65,64,69,4,2,4,174,251,0,45,0,8
7.0,2,36,55,80,7,1,5,178,67,3,67,0,9
4.82,3,78,65,86,3,1,6,43,63,0,48,1,11
8.23,0,91,67,59,11,1,3,28,40,5,72,0,6
8.41,4,75,33,40,4,2,4,91,8,0,70,1,2
9.5,0,50,55,52,5,2,3,184,164,0,68,1,2
5.21,0,62,81,65,1,0,0,6,250,4,61,0,11
6.89,4,62,52,51,3,0,6,34,162,0,60,0,8
7.68,2,76,43,88,2,1,2,216,62,0,50,0,9
9.86,0,89,65,81,3,2,4,233,83,1,55,0,11
9.24,1,79,41,57,6,0,3,190,48,0,100,0,9
6.96,1,68,100,84,3,1,2,5,72,1,67,0,11
9.47,1,90,44,65,5,0,4,73,127,0,56,1,10
6.23,1,60,49,60,0,1,5,332,35,0,43,1,1
9.43,2,83,71,96,3,2,3,35,69,0,31,0,12
7.45,2,54,50,79,4,0,7,31,195,0,71,1,5
7.95,3,80,65,75,0,0,4,27,3,0,48,0,6
9.41,0,73,91,37,3,1,0,52,173,0,43,0,6
4.8,1,92,47,49,1,0,3,253,93,0,63,0,9
9.43,0,81,62,42,3,0,1,122,26,2,91,1,12
6.91,1,62,53,32,1,0,1,66,114,2,56,0,6
9.58,4,71,68,59,1,0,6,123,76,0,62,1,1
8.2,0,50,50,53,3,1,1,111,63,0,97,1,11
8.63,0,55,48,32,2,0,0,152,205,0,87,1,11
7.15,3,71,51,60,4,1,0,304,20,1,62,0,12
8.58,0,43,54,58,1,0,9,21,83,0,66,1,8
7.31,0,40,71,81,2,0,10,316,47,0,8,1,2
8.11,5,75,41,66,2,0,1,54,16,0,74,0,9
7.27,0,38,70,65,5,1,3,28,19,0,92,0,11
9.98,0,68,45,61,6,0,1,168,9,1,51,1,6
6.43,5,63,-1,56,6,0,0,263,23,0,83,0,6
6.69,0,85,35,83,8,2,1,100,32,0,80,0,11
8.56,0,53,76,100,0,0,8,30,34,0,40,1,5
6.2,3,92,63,47,9,0,1,366,21,0,59,1,4
4.89,1,90,66,73,4,0,8,154,56,1,90,0,9
6.58,3,55,52,51,3,2,2,26,106,0,41,1,9
7.67,3,85,89,66,7,0,7,107,45,0,51,1,2
8.66,2,51,83,77,0,0,2,273,42,0,64,1,8
9.2,4,65,60,79,8,2,9,57,56,2,68,1,4
9.23,0,74,20,73,0,2,7,127,89,0,65,1,2
9.71,2,100,75,83,3,2,6,92,106,0,84,1,12
6.78,0,55,19,73,6,1,2,215,100,0,52,0,9
9.9,0,89,67,51,5,0,0,257,198,0,41,1,5
9.45,0,66,68,48,8,0,0,55,27,5,71,1,5
8.45,0,47,42,44,3,1,0,97,65,0,53,1,2
8.92,1,61,59,78,7,0,0,149,52,0,54,1,6
7.33,0,81,54,51,1,0,3,19,151,0,50,1,3
8.25,0,84,66,87,3,0,0,68,82,0,86,0,8
8.67,2,87,59,67,3,0,0,232,48,4,100,1,2
7.55,2,73,65,49,4,1,6,134,5,0,66,1,1
7.7,0,61,24,50,2,0,0,197,58,1,69,0,6
6.47,0,81,57,66,4,1,8,51,145,0,46,0,10
8.76,0,52,72,48,4,1,5,174,12,0,22,1,9
6.41,0,13,67,47,8,0,2,7,113,0,47,0,9
8.31,0,70,51,41,2,0,0,136,258,1,69,1,11
6.32,2,80,84,70,8,1,0,206,166,0,54,1,9
5.29,0,57,100,40,2,0,0,120,10,2,49,1,8
5.67,0,80,50,70,2,1,2,320,47,0,58,1,8
5.43,0,33,90,60,4,0,7,221,69,4,78,1,3
9.99,2,43,54,48,6,0,1,373,46,2,55,1,6
6.1,1,42,51,59,3,1,4,251,53,0,68,0,7
5.13,0,39,46,54,6,0,4,282,5,0,67,1,11
8.66,2,82,66,75,5,0,6,96,149,0,77,1,11
7.81,0,69,30,66,2,0,3,102,220,0,47,1,10
9.38,2,59,64,22,6,0,9,74,88,0,47,0,7
9.09,3,58,64,40,5,1,9,129,281,1,62,1,1
6.13,0,69,79,58,1,1,4,75,89,0,51,0,10
6.85,3,32,47,64,5,2,8,51,61,4,88,1,10
5.87,1,95,89,54,0,0,0,214,57,1,59,0,8
5.03,0,26,47,75,0,0,6,20,85,1,50,1,11
6.25,0,24,51,70,3,0,2,133,57,0,62,1,5
4.82,0,41,70,94,2,2,7,30,24,5,55,1,8
8.46,5,54,46,44,8,0,2,19,252,0,62,1,1
5.29,3,78,100,47,2,0,7,261,80,0,10,0,9
4.72,3,75,32,54,4,0,9,154,96,0,52,0,10
4.78,2,47,45,73,3,0,2,94,75,0,69,0,9
4.61,0,70,72,32,9,0,6,142,22,2,61,0,10
8.23,0,74,48,51,0,1,2,139,96,0,66,1,9
4.8,0,56,43,55,10,1,2,37,2,0,70,1,7
5.14,1,53,54,55,4,1,5,156,87,0,74,0,10
4.59,0,62,72,72,0,0,4,117,110,1,63,1,3
4.8,0,55,65,54,5,1,1,256,23,2,71,1,4
5.45,1,52,29,86,8,1,2,122,28,0,74,1,6
6.35,0,50,83,41,2,3,3,49,94,0,92,0,10
5.51,0,57,100,71,6,0,10,222,87,0,46,1,10
8.06,5,64,88,79,8,0,7,109,191,1,86,1,8
4.58,0,62,65,74,5,0,2,274,82,2,41,0,10
8.8,0,57,41,31,3,0,0,109,203,0,100,1,7
8.82,0,51,95,55,5,1,5,334,123,0,67,0,7
4.53,2,66,93,72,10,1,6,470,111,4,56,1,6
5.18,2,80,63,76,3,1,8,73,38,0,84,0,11
5.09,0,81,44,90,6,1,0,123,150,1,66,1,6
8.62,0,55,89,74,4,0,6,5,151,0,54,1,1
9.06,1,47,83,42,0,2,0,72,120,4,74,1,12
5.56,1,77,74,63,8,0,4,102,33,0,82,1,6
5.64,0,63,47,71,4,0,5,38,50,0,71,1,6
9.72,0,48,98,56,8,0,3,28,4,0,35,1,10
5.68,1,24,43,100,8,2,6,267,11,0,47,1,3
6.99,1,69,83,91,2,0,3,97,13,3,64,1,2
6.4,0,43,69,34,12,1,5,150,28,2,56,0,10
7.67,3,75,69,65,1,1,0,377,15,2,68,1,9
7.64,3,51,20,45,5,1,1,43,24,1,43,0,8
8.87,0,61,41,43,2,1,7,41,21,1,90,0,7
9.17,0,88,31,33,0,0,0,18,1,0,58,0,6
4.75,1,61,56,69,1,0,4,116,112,2,64,0,6
9.28,2,94,65,52,6,0,1,180,153,1,65,1,8
8.59,3,58,85,36,2,0,5,191,10,2,77,1,9
8.47,0,87,68,38,5,2,1,46,80,0,48,0,12
8.31,0,95,42,83,5,0,8,102,1,1,94,1,7
9.68,5,65,69,38,3,0,7,129,89,0,34,0,9
7.47,2,72,62,52,8,1,5,6,18,0,57,1,9
9.8,0,58,49,61,2,0,1,89,111,1,76,1,5
8.34,2,82,79,44,2,0,3,198,36,1,49,0,12
6.57,0,55,62,100,2,1,2,116,40,1,34,0,9
9.45,0,49,46,49,3,3,1,280,79,2,89,1,4
8.18,0,46,66,57,5,1,0,79,58,3,69,1,9
6.07,1,58,48,51,8,1,8,177,51,1,91,1,10
7.33,0,78,74,51,0,1,4,34,19,0,66,0,11
9.79,1,48,38,60,3,0,3,134,31,0,75,1,9
5.22,4,100,65,68,1,0,0,102,22,0,57,0,6
9.17,4,56,78,65,0,1,7,168,26,3,45,1,10
7.56,1,48,48,78,3,0,7,137,22,0,63,1,3
5.19,1,40,64,42,10,1,6,196,80,0,42,1,9
8.39,0,51,45,64,0,1,0,106,17,0,58,1,4
7.33,0,84,59,38,7,0,5,37,65,3,61,1,3
5.32,4,66,33,36,7,1,0,34,240,3,58,0,10
8.37,0,46,89,69,10,0,2,368,124,0,94,1,8
5.42,3,36,61,60,4,0,5,485,104,1,49,0,8
9.2,0,64,22,54,4,0,2,47,118,0,69,1,7
8.96,3,65,53,56,2,1,7,173,30,0,73,0,10
8.19,1,83,82,74,5,0,5,82,66,0,42,1,6
9.97,2,53,55,44,5,0,2,569,72,0,65,1,10
5.98,3,83,9,91,3,0,2,65,104,0,79,0,12
7.78,1,46,60,26,7,0,1,98,7,3,70,0,11
7.61,0,60,52,64,1,0,3,148,171,0,51,0,7
9.62,0,50,21,48,0,2,3,348,1,2,93,0,12
9.47,3,55,86,61,2,0,2,14,124,0,39,0,8
4.99,3,40,29,79,7,1,2,317,48,1,79,1,7
4.71,0,64,31,41,2,2,8,70,55,0,59,0,12
6.58,2,49,50,71,6,1,1,149,188,0,57,0,9
5.95,0,76,37,71,4,0,1,38,121,0,47,1,12
9.13,0,62,80,68,8,0,7,68,34,1,79,1,6
5.01,0,58,75,66,6,0,5,91,149,3,72,1,2
7.66,0,66,48,48,4,2,2,110,236,1,93,1,9
9.25,3,87,49,87,0,1,2,46,86,0,74,0,11
5.52,0,78,39,64,1,1,4,57,186,2,77,1,2
4.92,0,58,61,75,3,0,7,358,208,0,59,0,12
6.91,1,50,59,49,2,2,2,368,72,1,66,1,3
8.89,1,47,67,54,5,0,2,202,90,0,56,1,2
9.29,1,76,34,47,11,0,6,103,110,0,74,1,12
4.9,5,84,76,91,4,2,1,120,123,1,71,0,11
7.96,0,52,58,26,12,0,4,485,60,0,64,1,1
5.99,2,64,74,80,2,1,5,85,119,0,80,0,8
5.86,1,45,84,30,2,1,2,24,57,5,55,0,11
9.82,2,81,69,43,5,1,6,122,14,1,77,1,5
9.1,0,54,58,83,2,1,5,89,90,0,51,1,8
8.61,3,32,78,27,1,0,4,100,96,0,38,0,7
5.83,0,29,80,39,11,1,4,98,43,0,82,1,6
6.19,0,43,72,45,1,0,8,294,69,0,80,1,9
4.72,0,75,62,57,2,1,6,187,55,0,76,1,5
9.96,0,49,44,62,3,0,9,164,3,1,63,1,10
8.01,2,73,58,78,2,0,2,157,53,0,55,1,10
5.77,0,40,27,79,0,1,4,153,45,0,82,1,1
6.32,0,76,39,55,4,0,2,375,67,1,67,1,8
5.48,0,80,98,83,1,1,2,77,20,0,68,1,9
8.15,2,64,46,62,0,0,5,270,84,2,80,0,8
6.7,3,61,70,78,3,0,6,125,144,0,77,1,4
8.97,0,39,58,72,4,0,2,152,5,0,75,0,11
9.41,1,36,47,93,3,0,9,56,66,4,87,1,6
5.41,0,54,56,73,1,2,1,45,32,1,39,0,11
8.4,3,62,59,61,0,1,1,229,44,1,59,1,6
5.23,1,37,44,76,3,1,3,175,180,2,87,0,10
8.85,2,64,67,73,1,0,7,86,255,0,64,1,8
5.92,0,76,50,73,9,0,4,6,20,0,96,1,3
8.72,1,73,59,79,3,1,1,134,104,1,94,0,7
8.8,5,60,59,66,2,0,4,256,5,2,67,0,9
5.54,0,90,90,50,7,0,2,125,120,0,56,1,7
9.92,3,70,64,23,2,0,8,232,194,0,59,1,3
5.44,0,48,35,58,0,1,4,105,4,3,53,0,12
4.83,0,53,82,17,1,2,6,84,100,0,66,0,8
6.88,1,60,91,92,2,1,6,27,165,0,82,1,4
4.61,0,69,35,72,5,0,5,166,4,0,81,0,12
7.6,2,56,77,48,4,2,7,95,54,1,65,0,12
6.83,1,61,100,69,4,0,1,17,105,0,42,0,6
5.88,1,63,30,79,7,0,0,442,105,1,64,0,10
5.7,2,55,68,57,8,2,0,99,118,1,84,0,11
6.35,2,63,31,68,11,0,6,136,24,0,72,1,2
8.18,0,87,76,81,10,0,0,49,244,0,14,1,2
7.61,1,68,65,77,1,0,7,143,210,0,79,0,8
8.65,0,46,43,72,0,0,1,133,65,1,68,0,6
9.28,0,100,65,45,5,1,9,74,25,2,32,1,8
9.37,0,59,50,46,3,0,10,98,81,0,54,1,9
6.79,1,75,60,87,0,0,0,60,100,0,87,0,11
6.16,0,51,53,60,1,0,0,355,51,0,73,1,11
6.62,5,9,88,85,7,0,3,94,18,0,74,0,12
7.5,3,41,64,88,6,0,8,356,160,0,48,1,11
7.88,0,73,100,55,2,3,5,1,47,1,45,1,11
5.17,0,90,86,83,6,1,0,5,81,2,60,1,2
5.84,0,43,83,75,8,0,1,342,24,0,71,1,2
8.62,1,55,38,64,3,0,0,308,23,4,68,1,5
7.53,1,24,65,75,8,1,6,235,85,0,72,0,12
4.5,4,51,26,59,6,2,1,197,123,0,63,1,11
7.08,1,100,66,65,1,0,2,167,1,0,70,1,7
9.95,0,51,69,68,2,1,6,307,109,0,34,0,8
5.38,1,76,69,51,3,1,8,135,46,3,59,1,7
9.53,0,64,84,39,11,0,3,25,98,0,60,0,7
6.28,0,49,81,87,5,0,1,38,3,3,81,1,7
9.89,0,57,67,77,5,1,0,345,100,0,49,1,7
4.55,0,45,58,62,7,0,0,152,79,0,87,0,7
8.93,0,76,42,84,6,0,7,141,258,0,41,1,10
7.4,0,100,45,100,4,0,0,92,51,0,73,1,9
6.82,0,63,52,92,3,0,1,129,106,1,55,0,11
7.02,1,89,80,65,2,0,8,180,50,0,42,1,7
9.91,0,39,56,56,4,0,0,225,119,0,82,1,9
7.61,0,100,52,27,5,2,0,38,22,0,53,0,12
7.5,0,40,36,53,7,1,0,210,91,0,60,1,2
8.0,2,84,83,56,4,0,6,246,207,0,41,1,2
9.38,2,55,11,75,2,1,7,80,64,3,49,1,9
5.2,2,53,71,44,0,0,0,182,180,0,68,0,12
6.24,2,84,61,95,9,2,3,207,5,0,75,1,10
9.43,1,96,82,67,3,1,0,98,46,2,84,1,5
4.77,0,38,28,35,4,0,3,164,0,0,63,1,3
5.94,0,68,53,56,4,0,1,39,72,4,49,0,8
8.15,4,69,50,48,6,3,7,53,92,0,53,0,7
4.87,0,80,45,84,5,0,8,413,67,0,74,1,11
7.86,3,92,73,53,8,0,0,74,67,1,72,0,12
5.85,0,87,87,90,2,0,6,16,129,5,82,1,4
6.4,0,49,66,79,5,3,0,28,34,0,57,0,11
9.63,1,73,29,53,3,0,9,33,11,0,79,1,9
6.68,5,51,54,61,2,0,1,242,129,0,100,0,7
8.83,2,53,59,98,12,1,9,141,134,1,66,1,4
9.2,0,71,64,47,2,0,5,374,82,0,67,0,7
9.9,0,99,64,56,2,0,1,132,76,0,58,1,12
8.0,1,68,69,82,0,1,6,134,88,0,53,1,9
6.92,0,50,41,72,4,0,3,42,7,0,55,1,3
6.0,2,92,40,42,5,0,4,37,27,0,93,1,5
5.83,1,53,58,41,8,0,3,233,133,0,100,0,11
6.18,0,56,46,41,7,0,4,326,4,2,55,1,3
5.25,0,60,100,60,12,1,7,204,114,0,72,1,10
4.96,0,91,95,49,8,0,6,3,135,1,46,0,9
8.86,1,73,43,76,2,1,2,510,80,0,45,1,7
6.56,0,54,65,47,0,1,0,75,260,0,51,1,2
6.11,3,39,37,55,0,1,1,128,48,0,51,1,5
9.46,0,77,75,69,2,0,1,296,44,0,71,0,11
5.98,0,69,73,66,0,0,2,73,24,0,68,0,9
4.65,0,43,16,39,5,1,4,230,63,3,67,0,9
9.36,1,100,100,59,5,0,5,96,11,0,67,1,4
4.88,1,58,59,87,0,1,3,231,118,1,63,0,8
6.68,2,94,24,81,5,0,6,103,228,2,77,1,9
9.89,3,86,75,65,6,0,3,87,101,0,70,0,12
7.03,2,79,31,77,4,0,5,68,102,0,37,1,9
8.17,0,51,65,49,1,0,2,329,36,0,50,1,12
9.67,0,60,66,54,5,3,0,2,48,0,67,1,5
6.6,4,59,41,65,4,1,3,166,11,0,35,0,12
7.38,0,63,30,53,3,0,4,83,23,0,69,0,9
6.43,0,72,77,53,1,3,1,4,4,0,64,1,4
8.21,0,62,58,63,8,0,7,77,80,0,100,1,7
7.95,0,61,56,35,4,0,7,215,213,2,74,1,12
9.21,3,52,47,39,7,1,4,124,17,2,89,0,10
9.55,3,98,71,59,5,1,2,398,14,1,68,1,5
4.65,0,70,45,34,4,0,6,174,164,0,100,0,10
9.04,0,45,21,88,5,0,2,405,48,0,70,1,4
5.73,1,38,51,86,0,1,1,17,29,1,90,0,9
5.77,0,52,36,48,1,0,3,122,295,1,70,0,10
9.17,5,67,66,100,2,0,7,322,3,0,37,1,7
7.19,0,67,27,60,4,2,0,261,46,0,63,1,3
6.8,4,55,73,45,11,1,0,152,64,0,75,1,9
9.43,0,68,61,35,4,0,1,170,213,4,64,1,2
8.41,3,76,61,69,2,1,1,136,9,0,69,1,7
9.39,0,97,39,72,2,3,6,156,107,0,60,1,6
8.47,1,31,54,56,3,0,4,130,98,0,55,0,9
6.26,0,53,81,45,3,1,9,114,50,0,22,0,6
9.96,0,100,25,56,0,1,1,345,128,0,50,0,12
4.57,0,71,74,57,5,0,1,41,44,0,72,0,6
9.52,5,55,71,77,2,0,3,220,91,3,55,1,9
7.63,3,80,91,90,2,0,7,72,35,0,51,1,3
9.29,3,73,52,68,3,0,8,181,0,2,79,1,12
9.47,0,94,70,67,5,1,3,166,85,1,72,1,4
6.16,3,74,56,65,9,0,2,44,52,3,78,1,11
6.85,1,66,74,62,11,0,4,297,58,1,75,1,12
8.97,3,83,43,61,4,0,4,127,30,1,67,0,12
9.74,4,75,41,0,1,0,2,138,74,0,58,1,7
5.81,0,61,51,96,2,0,1,1,126,0,25,1,3
9.39,0,37,80,59,6,0,0,31,18,1,77,0,11
6.18,4,63,100,53,0,0,4,404,222,0,63,1,6
7.97,5,66,70,33,2,0,1,137,87,2,65,1,3
8.59,1,51,24,74,4,0,0,104,58,0,87,1,10
8.02,1,70,72,68,3,0,2,302,122,1,73,0,6
7.04,1,86,15,71,0,1,0,44,85,1,100,0,7
9.69,3,62,75,64,0,0,7,78,121,0,51,0,10
9.14,0,83,41,90,4,0,8,12,73,0,74,1,8
4.51,2,69,49,91,0,1,6,159,38,0,84,0,7
6.12,0,64,81,52,3,0,8,85,110,0,70,1,4
6.19,2,52,60,65,2,0,4,212,109,0,41,1,6
8.84,0,62,72,54,0,0,3,122,149,0,57,0,10
8.53,1,56,100,60,5,1,0,93,23,0,43,1,5
9.97,1,69,33,24,2,1,0,88,149,0,53,1,12
8.58,4,78,39,67,2,3,4,94,91,1,83,0,9
7.84,0,76,64,87,4,0,2,135,222,0,58,1,8
5.85,2,59,61,69,0,0,4,86,160,3,72,0,7
8.9,0,84,52,81,9,1,1,403,26,0,76,1,6
7.08,0,35,46,19,5,0,9,269,17,0,100,0,8
5.83,4,81,45,16,0,1,7,154,154,1,48,1,10
4.78,1,97,69,58,4,0,8,143,86,0,67,1,8
6.9,0,100,48,82,6,0,0,270,3,0,61,0,8
9.03,2,85,62,88,9,0,4,410,79,0,59,0,12
9.02,0,20,54,48,1,1,7,177,53,0,59,1,6
6.43,1,69,61,55,2,0,0,274,31,0,67,1,4
6.96,0,81,84,42,3,0,2,6,10,2,87,0,10
9.46,0,77,65,35,5,1,4,184,151,1,66,1,9
8.33,0,25,8,87,3,0,6,94,237,0,66,1,1
9.99,1,55,70,68,0,0,3,62,51,0,97,0,7
9.65,0,23,44,75,5,1,2,13,90,1,45,0,6
5.24,0,74,37,56,3,0,3,330,77,0,50,1,12
5.84,0,75,45,64,0,1,9,233,62,0,76,1,11
4.78,0,63,77,77,2,1,1,457,27,1,53,1,2
9.98,0,89,55,66,5,0,3,136,57,1,79,1,11
8.74,4,34,35,39,5,0,0,76,110,1,68,0,12
5.23,1,87,73,75,4,0,4,142,55,0,80,0,6
5.05,3,63,36,60,4,0,3,168,43,0,70,0,6
4.8,1,33,48,50,2,0,1,106,79,1,77,1,6
9.3,0,63,96,73,2,0,1,372,229,0,51,1,5
9.42,1,56,89,91,7,0,9,67,33,0,37,0,12
7.98,2,80,60,57,6,1,2,206,252,0,70,1,7
4.92,0,54,65,73,4,1,0,3,97,3,42,1,8
7.38,0,45,91,51,6,0,2,91,21,2,60,1,1
9.47,1,56,53,77,5,1,1,5,24,1,83,1,1
5.08,0,71,68,47,3,0,0,155,59,0,87,0,9
6.53,2,77,70,95,3,0,0,134,11,2,52,0,12
8.82,0,64,99,31,3,3,1,122,178,0,48,1,7
4.55,0,46,40,49,2,1,8,154,96,0,41,0,10
8.49,0,88,32,69,4,1,2,213,103,0,40,1,3
5.98,3,46,66,31,7,0,2,101,85,1,71,1,3
9.66,3,55,69,38,5,1,3,16,71,5,60,1,11
7.36,1,76,49,63,1,2,5,29,156,0,51,1,4
9.48,0,72,100,82,2,2,3,199,61,0,68,0,7
6.75,0,54,60,83,9,0,7,183,79,1,93,1,12
8.47,4,47,55,63,3,1,4,152,55,1,35,1,7
6.24,3,81,85,57,2,1,4,65,149,0,62,1,6
7.1,1,29,52,54,6,0,3,84,56,1,77,1,12
8.0,2,59,36,48,7,2,2,414,15,0,35,1,10
8.52,0,38,36,87,2,0,0,34,148,2,41,0,12
4.76,0,41,45,69,3,0,7,178,67,1,97,0,6
4.54,0,64,38,69,3,0,2,230,9,0,54,1,9
9.17,1,44,71,75,3,0,5,288,7,3,61,1,12
5.07,1,65,38,75,10,2,6,236,10,0,69,1,5
5.61,1,92,78,91,12,2,2,25,6,0,70,1,12
9.75,1,53,81,54,2,0,4,23,224,0,68,0,6
7.65,4,63,40,64,4,1,2,19,62,0,60,0,8
6.34,0,84,69,67,2,0,1,85,165,0,83,1,1
5.03,3,77,29,61,4,1,3,308,9,1,81,0,9
4.52,0,65,28,82,10,0,2,133,48,0,75,0,9
6.46,4,73,60,59,4,0,2,324,37,0,88,0,7
5.26,1,38,53,34,6,1,2,146,74,1,43,0,12
6.9,0,75,90,62,7,0,0,8,103,0,73,0,8
4.54,0,46,45,45,5,1,8,73,94,1,58,1,10
7.0,0,88,93,68,2,0,3,121,86,0,56,1,3
8.35,0,49,69,78,0,0,3,426,94,0,47,1,9
4.77,0,68,77,41,0,0,4,6,141,0,85,0,6
4.76,2,72,35,67,2,0,0,37,184,0,55,0,11
8.51,0,56,60,82,7,1,7,276,70,0,80,1,3
9.43,0,89,56,46,9,0,1,79,94,0,74,1,10
8.99,3,85,70,38,0,1,0,269,93,0,74,1,7
7.61,3,77,38,45,3,0,2,180,13,0,68,0,12
8.66,0,64,67,95,3,3,6,36,8,2,48,1,7
9.58,1,81,66,57,8,3,7,379,172,1,49,1,10
9.09,2,66,55,38,2,1,0,8,186,0,47,0,10
9.47,3,75,53,84,10,0,2,213,59,2,71,0,7
7.46,0,60,70,95,2,0,3,376,99,2,91,1,1
9.46,2,88,60,66,7,3,6,71,203,0,40,1,2
9.16,0,37,81,24,10,0,1,287,64,1,50,1,8
9.14,0,80,53,62,6,0,8,237,56,0,32,1,5
7.13,0,69,29,70,0,0,6,120,106,1,67,1,4
8.22,1,69,68,59,1,0,7,110,20,0,68,0,10
6.27,1,56,79,68,3,1,1,228,83,2,60,1,5
8.48,0,70,69,39,6,0,1,305,6,0,74,1,2
7.28,4,71,60,55,2,1,0,90,16,0,79,0,11
6.57,0,46,47,88,4,0,8,8,107,1,59,0,8
5.54,0,52,66,95,7,1,8,99,32,0,82,1,6
6.45,2,19,47,57,3,1,2,85,110,1,50,0,7
9.14,0,20,86,39,0,1,6,22,73,2,69,0,11
6.54,2,76,78,77,7,0,8,43,50,0,70,1,8
7.47,1,44,90,59,2,1,3,209,117,2,69,1,5
9.26,1,48,84,47,7,0,7,13,115,0,21,0,12
7.58,0,64,48,36,0,0,2,151,56,0,63,1,4
9.04,0,84,41,72,12,0,3,30,66,0,55,1,10
5.81,0,81,72,80,2,1,0,246,96,0,71,1,12
9.81,0,43,86,68,2,0,4,121,53,0,21,1,9
7.28,2,83,69,96,3,0,1,148,71,0,90,1,12
6.72,0,55,51,48,3,0,6,18,76,1,95,0,9
8.78,2,69,39,57,7,1,3,213,41,0,48,0,10
9.23,1,47,85,44,7,1,6,30,37,0,44,1,1
6.02,1,80,42,57,8,1,6,365,104,0,74,0,11
9.43,0,63,37,43,5,0,3,78,8,0,39,1,6
5.85,0,71,62,85,5,1,3,155,4,0,75,1,12
5.66,3,63,90,62,3,0,4,138,213,0,59,1,7
9.04,0,50,51,50,7,0,2,167,3,0,51,0,7
5.36,1,59,54,82,7,1,0,188,60,0,62,0,6
4.98,0,73,83,41,2,0,3,228,93,0,54,1,4
8.54,0,42,64,12,4,2,8,122,175,0,31,1,10
6.41,1,50,36,56,1,2,7,159,54,1,100,0,11
4.78,4,52,39,55,6,1,7,315,54,0,64,1,10
6.39,4,74,63,47,8,1,9,210,139,0,44,1,5
4.61,1,75,8,72,3,1,6,285,68,1,45,1,4
6.29,0,64,49,80,5,0,3,311,172,5,58,1,3
5.12,0,41,41,36,2,1,7,176,103,2,93,1,2
8.46,0,27,35,70,2,1,6,242,120,2,63,1,7
8.48,0,53,54,83,4,0,3,359,8,1,57,1,9
7.4,0,69,99,41,2,0,8,98,8,2,75,1,12
4.71,0,65,46,72,4,3,1,44,93,0,75,0,10
5.7,0,54,29,72,6,2,3,126,48,1,56,1,2
6.95,0,67,56,24,4,0,2,182,26,0,50,1,1
7.43,0,33,61,69,12,1,1,88,14,1,91,0,11
5.02,0,69,96,73,4,0,7,92,46,0,73,1,5
7.39,3,78,67,50,0,0,5,130,61,0,42,0,8
8.16,1,87,40,68,2,1,6,141,110,4,52,1,10
7.61,0,53,100,51,1,0,7,369,5,0,65,1,5
5.98,0,73,70,76,1,1,1,34,76,5,56,1,2
9.31,5,32,69,35,4,1,2,67,67,0,92,0,12
9.3,3,65,83,77,0,0,1,322,95,0,50,1,2
5.26,0,87,66,53,3,1,10,179,93,2,100,1,6
6.88,0,50,70,72,6,0,4,69,110,0,68,1,1
8.12,2,87,34,92,0,1,2,517,83,0,79,1,3
4.8,1,65,72,33,6,0,5,275,99,0,92,0,9
7.01,0,98,57,35,2,1,3,230,131,4,93,1,8
9.97,2,48,30,60,8,2,1,0,109,2,66,1,8
5.69,0,89,53,51,1,0,2,241,82,0,92,1,1
8.76,0,73,76,41,6,0,1,211,85,0,72,0,11
9.77,1,40,49,64,6,0,4,184,14,0,95,0,7
6.79,0,73,70,72,5,0,7,238,101,0,76,1,10
9.1,1,41,30,69,2,2,0,104,154,0,69,0,8
5.56,4,79,89,91,0,1,7,65,7,0,43,1,5
7.12,2,80,54,69,2,1,2,240,287,0,66,1,3
6.52,1,47,60,64,8,0,4,311,163,0,72,1,5
5.3,0,60,48,35,2,1,1,153,51,0,60,1,11
9.58,0,30,61,30,3,0,1,142,111,1,52,1,4
8.25,0,65,100,64,0,2,5,175,132,1,40,0,12
8.64,0,43,92,91,2,1,2,110,32,0,48,1,3
8.25,1,57,34,68,1,0,2,254,66,2,52,0,7
5.36,0,46,83,87,7,0,4,370,125,0,77,1,2
5.55,5,87,57,54,4,2,3,0,253,0,68,1,12
7.32,1,59,39,33,5,0,2,218,37,4,56,0,11
4.52,0,92,37,65,4,3,3,135,153,1,58,1,5
8.0,0,53,75,100,4,2,0,123,25,1,49,1,8
4.76,1,67,35,51,7,1,2,73,39,0,60,0,6
8.68,4,66,92,76,8,0,1,53,166,0,35,0,9
9.85,3,60,42,58,3,0,2,378,13,1,65,1,4
7.41,1,74,54,72,5,0,8,14,71,0,71,0,6
9.5,3,49,100,82,1,1,0,103,47,0,57,1,11
6.82,0,20,84,69,8,0,2,261,1,0,68,0,12
7.32,5,98,46,69,7,2,3,1,22,2,65,0,6
5.34,0,72,38,66,3,0,7,67,124,0,73,1,12
7.48,0,38,64,41,5,1,1,93,88,0,70,0,6
5.81,0,55,80,87,5,1,2,356,44,0,66,1,3
5.0,0,53,26,82,6,0,1,39,55,0,73,1,5
6.02,0,87,41,59,9,2,5,248,72,3,73,1,4
4.55,2,47,39,69,0,1,2,57,2,4,89,0,7
5.03,0,51,53,58,3,0,8,95,161,3,86,0,12
7.6,2,85,62,55,3,1,2,163,79,2,46,1,10
7.03,2,70,72,53,1,0,3,16,33,1,62,1,7
6.44,0,67,67,59,5,1,1,130,11,0,97,1,4
5.51,0,68,12,39,3,0,10,299,130,0,61,1,3
7.73,1,64,59,47,2,1,0,27,53,3,57,1,5
6.02,2,59,52,31,6,0,6,184,4,0,100,1,6
4.58,0,76,53,54,9,0,1,178,116,0,62,1,10
8.31,0,35,32,95,6,0,7,155,61,1,45,1,6
8.39,5,79,37,68,7,0,9,110,75,0,25,1,4
8.56,0,70,54,51,4,0,1,105,242,1,25,1,11
8.56,0,52,49,51,0,1,0,170,10,0,100,0,6
4.92,0,65,47,31,10,1,3,119,177,0,74,1,4
6.93,0,75,71,60,8,0,4,210,171,0,45,1,3
9.3,1,91,59,81,5,0,1,92,119,3,69,0,8
7.7,0,43,89,82,4,1,5,296,117,2,78,1,4
8.17,0,100,61,59,0,2,10,116,136,0,79,1,8
8.21,0,47,81,54,1,0,2,246,24,0,40,1,2
9.62,0,66,49,32,3,0,1,331,273,0,76,0,10
6.94,0,57,53,62,5,0,2,184,198,0,97,1,9
7.88,0,61,36,83,5,0,5,43,62,1,57,1,9
7.13,0,85,85,84,5,2,2,47,21,0,25,1,9
8.86,3,40,48,79,1,1,10,153,104,1,45,1,12
6.26,2,61,54,48,1,1,2,172,132,1,61,0,9
8.81,1,69,41,78,0,0,1,246,117,5,46,1,6
8.26,3,93,67,47,1,2,3,216,14,0,77,1,5
9.33,0,79,69,60,5,0,5,222,111,0,88,1,8
9.93,0,75,53,80,2,1,2,272,68,0,71,1,5
8.17,5,48,18,59,0,0,3,118,199,2,58,0,11
4.58,5,41,79,55,9,2,0,88,104,5,67,1,12
5.05,5,31,56,79,0,2,3,26,89,2,93,0,7
6.49,0,38,30,58,1,0,2,259,122,0,16,0,9
9.12,3,100,65,83,4,0,2,52,25,2,57,1,10
7.69,0,56,68,62,5,0,2,31,100,0,65,1,11
5.68,4,84,56,69,6,1,7,284,46,2,35,1,6
9.98,3,83,35,28,0,0,0,110,115,1,86,1,9
7.69,1,60,56,32,7,0,1,138,86,0,74,1,2
4.89,0,59,79,71,0,1,2,10,158,2,61,0,10
4.99,0,68,39,83,7,0,1,382,169,0,55,0,6
6.16,0,74,88,100,2,0,5,7,46,0,64,1,12
5.36,5,48,46,64,5,3,0,225,124,0,69,1,10
9.09,0,48,57,62,6,0,3,114,55,1,66,0,11
9.45,0,31,77,56,5,1,6,71,108,0,70,0,10
7.06,0,68,48,63,4,0,8,75,91,0,94,1,12
8.67,2,100,49,75,4,1,3,87,78,1,77,1,10
6.11,0,59,41,70,5,0,2,367,75,0,40,1,2
8.4,0,79,75,82,8,1,3,86,264,0,78,1,1
5.74,4,64,100,69,4,0,4,198,84,5,49,1,8
7.11,0,74,57,62,2,0,3,192,131,0,84,0,9
9.43,0,39,55,87,1,0,5,33,57,0,65,0,10
6.95,1,100,42,41,2,0,8,177,28,0,94,1,7
7.98,2,75,22,65,5,2,2,230,21,1,38,0,11
4.8,1,56,74,58,0,0,10,127,207,0,69,0,6
9.99,0,77,38,51,5,0,4,88,38,4,65,1,2
6.0,3,82,59,40,6,1,6,116,156,0,58,0,8
6.31,0,51,62,65,0,0,3,468,26,3,92,1,12
6.09,0,58,37,54,5,0,4,86,10,0,49,0,9
8.31,0,58,79,59,4,1,6,68,143,0,79,1,6
8.69,0,59,30,52,4,0,2,219,135,1,68,0,11
6.67,0,77,92,70,7,0,3,66,205,0,79,1,11
5.23,0,67,28,46,0,0,2,161,137,0,78,1,7
9.03,0,73,78,53,0,1,0,75,48,0,67,0,8
6.17,0,75,65,49,6,0,9,251,101,0,48,1,4
8.55,3,78,32,45,5,3,4,51,17,0,36,1,6
6.34,0,75,73,57,7,3,6,139,3,1,70,1,5
4.54,0,83,61,92,3,1,7,63,32,0,47,0,8
8.39,3,70,63,62,2,0,1,6,130,0,73,0,11
6.36,4,48,27,75,3,0,3,103,44,1,100,1,5
5.89,0,71,59,59,3,0,4,310,24,1,49,1,2
5.94,4,55,44,76,5,0,0,152,183,0,41,1,10
9.57,0,83,67,60,7,1,2,127,50,0,70,1,12
9.3,2,55,40,67,5,0,4,208,2,2,73,0,7
7.98,1,87,99,70,1,1,2,169,87,0,53,0,8
9.09,1,29,35,64,3,1,6,98,187,0,82,0,11
6.99,3,53,43,36,1,0,4,227,109,0,28,0,11
9.41,2,53,63,73,1,3,2,106,18,0,46,1,7
8.42,2,62,59,72,0,1,3,304,217,1,49,1,1
8.67,0,58,44,71,8,3,2,82,110,1,87,1,12
7.18,1,76,24,68,3,0,0,86,36,1,86,0,12
7.12,4,70,52,78,8,1,4,117,55,0,60,1,11
8.6,0,61,52,53,2,1,2,288,108,2,78,1,4
5.01,0,44,73,52,5,1,4,64,135,0,62,1,1
7.3,5,68,51,70,6,2,4,178,90,0,47,0,10
8.19,0,88,32,51,1,2,0,238,78,1,60,0,7
6.86,0,69,63,81,6,1,6,181,90,0,84,1,6
5.43,3,79,3,70,1,0,8,66,68,0,44,1,4
8.65,0,56,50,78,6,1,1,5,106,0,76,1,11
8.65,1,55,52,69,5,3,0,176,59,1,69,1,11
9.11,0,39,41,77,4,0,2,478,31,1,70,1,6
9.65,0,67,65,53,6,0,3,223,23,1,100,1,8
7.09,0,67,89,22,2,2,0,19,9,0,60,1,4
9.25,3,78,56,55,2,2,0,220,108,1,83,1,4
7.97,0,65,63,32,4,1,0,277,2,0,85,1,2
8.51,1,59,50,23,4,0,3,57,162,0,64,1,12
6.05,3,84,16,62,4,0,0,123,116,0,91,0,8
9.68,0,65,49,54,2,2,1,140,80,0,48,1,9
5.84,2,93,52,95,8,1,6,149,60,0,97,0,8
6.07,0,60,71,67,2,1,1,65,42,1,72,0,7
5.73,1,63,49,58,4,0,1,26,102,1,61,0,10
7.04,4,43,71,100,0,0,0,476,77,0,55,1,4
8.55,2,74,70,65,5,1,2,333,119,0,54,1,4
4.68,0,59,15,46,3,1,3,237,81,0,87,1,4
7.38,5,53,76,49,0,1,7,151,136,0,72,0,11
4.98,0,64,66,57,1,0,1,225,122,5,75,1,3
8.93,2,43,81,62,0,1,4,168,5,3,53,0,10
6.83,0,82,81,96,8,0,4,403,23,1,47,1,9
9.25,0,60,70,62,7,0,5,77,35,0,71,1,12
4.62,0,40,45,62,3,1,6,112,40,4,85,1,6
9.76,0,64,91,59,0,1,6,52,314,0,84,1,7
7.58,0,37,100,66,2,1,1,160,105,0,52,0,12
5.88,0,73,49,62,6,1,6,1,54,3,55,1,1
6.1,1,74,78,99,7,3,1,31,105,0,65,1,12
6.16,2,72,48,50,3,1,8,191,15,0,79,0,10
5.82,0,60,59,57,4,2,0,215,140,0,64,1,8
6.54,1,55,61,99,2,0,3,50,3,3,60,0,11
4.98,1,78,41,100,0,0,0,286,20,0,46,0,8
5.89,0,100,47,59,11,0,7,154,37,2,70,1,2
7.19,1,80,65,85,0,0,7,297,41,0,83,1,1
5.57,4,70,55,57,7,0,6,53,2,0,56,0,6
9.47,1,74,57,45,8,1,4,160,7,1,68,1,2
8.92,0,53,66,42,4,0,3,201,48,1,84,1,5
9.49,0,56,72,39,4,0,1,295,9,2,68,1,12
4.99,0,48,36,52,0,0,3,247,77,1,62,0,9
9.79,3,75,57,60,6,1,0,386,116,0,71,1,9
8.93,0,50,39,29,9,0,2,71,27,0,77,1,3
8.08,1,76,75,93,7,1,1,190,90,0,96,1,1
9.4,2,70,72,71,2,0,3,136,168,0,46,1,12
5.84,0,55,50,65,0,0,0,365,41,0,79,0,6
5.61,3,48,60,53,5,0,1,31,128,1,70,1,11
7.43,0,85,75,62,6,0,2,205,61,1,71,1,2
7.01,0,32,100,54,3,0,4,139,235,0,64,0,6
8.1,1,66,49,56,3,0,1,270,108,0,100,1,11
9.4,2,69,49,42,10,0,2,243,14,0,72,1,3
6.49,0,71,45,53,7,0,0,63,2,3,82,1,6
6.53,3,39,51,69,10,0,2,137,46,0,56,0,10
5.21,0,89,9,45,3,0,0,56,100,0,51,0,9
8.9,0,98,69,65,8,0,2,329,108,0,56,1,12
5.48,1,43,73,54,3,2,0,7,185,0,49,1,12
6.97,0,100,63,90,3,0,4,248,97,1,58,1,12
6.37,2,51,63,54,4,1,2,6,63,1,59,0,11
8.95,4,51,86,35,5,0,3,16,212,2,56,1,2
6.98,3,81,54,44,3,1,6,100,32,0,46,0,9
7.78,0,57,94,23,6,1,7,339,75,1,58,1,8
7.45,1,49,60,87,4,0,8,105,21,0,88,0,10
6.75,2,62,70,42,0,2,2,25,126,0,67,1,7
9.31,0,63,59,45,3,0,7,257,80,0,47,0,7
6.04,0,93,35,92,6,2,0,184,116,0,50,1,9
5.09,1,64,99,88,3,0,1,339,59,0,65,1,3
8.64,0,53,35,67,4,1,1,200,61,0,79,1,5
7.85,0,92,37,73,10,0,4,117,4,0,59,1,2
7.68,1,46,94,61,4,0,3,10,37,0,56,1,6
8.41,0,65,61,62,1,1,2,77,43,0,87,1,4
9.2,2,35,44,82,0,1,4,24,29,0,67,0,7
8.67,5,50,46,76,2,0,5,176,90,1,48,0,7
7.27,0,67,43,63,1,2,0,23,44,1,60,1,1
4.8,4,98,49,43,9,0,1,168,177,1,82,1,7
5.42,1,71,66,44,5,1,8,488,79,0,98,1,2
6.66,0,22,87,100,4,1,0,34,135,0,74,1,6
9.48,0,45,23,71,1,0,1,35,122,1,76,1,3
4.95,0,76,49,63,5,0,0,202,103,0,58,1,6
7.41,1,40,26,80,2,0,0,360,115,1,39,1,9
7.08,5,89,64,63,2,1,3,133,84,1,34,1,4
5.28,0,63,72,66,3,0,0,7,213,1,80,1,11
9.26,1,39,49,45,8,3,0,73,54,0,52,1,2
7.26,0,53,41,40,2,1,7,106,83,0,67,0,12
9.46,1,73,100,66,0,3,7,434,89,0,57,1,6
5.08,1,77,61,81,12,1,7,66,156,0,64,1,12
5.92,0,27,73,67,3,2,6,68,184,0,39,0,7
9.57,5,81,69,40,8,3,5,266,100,1,45,1,12
8.0,0,36,60,60,4,0,5,355,23,0,50,0,9
9.86,0,76,65,75,0,2,9,71,47,0,100,1,7
5.62,1,63,22,70,3,1,2,68,99,2,84,0,9
7.53,0,39,63,72,0,1,8,124,105,0,69,1,3
5.24,1,78,22,65,5,1,4,61,45,1,40,0,6
8.56,4,75,71,58,0,0,4,146,4,0,37,0,10
5.27,1,62,46,48,10,1,7,139,1,0,65,0,9
8.31,0,100,28,2,5,0,3,214,25,1,69,1,5
8.55,0,86,35,55,1,2,4,200,3,0,88,0,11
5.22,0,72,28,68,2,0,0,151,211,1,63,0,12
8.71,0,56,76,91,3,0,8,159,164,1,45,1,9
4.66,0,57,59,75,4,0,7,202,156,2,99,1,5
7.29,0,55,50,86,1,0,2,164,208,2,81,1,11
9.24,2,56,100,71,2,0,7,211,41,1,100,1,7
9.37,2,59,57,68,1,1,0,62,62,0,55,0,9
4.87,5,63,52,99,2,0,3,164,58,0,69,1,9
6.25,3,59,67,88,1,0,8,67,9,0,73,0,9
8.74,3,58,54,67,10,0,8,76,35,3,59,1,8
8.01,0,72,86,63,3,0,3,220,27,0,46,1,2
7.08,1,64,60,64,3,0,0,213,231,0,56,0,11
8.86,1,53,47,45,2,0,9,35,37,0,63,1,7
6.96,0,67,100,74,5,1,6,48,151,0,66,0,11
8.6,1,77,100,77,8,0,3,4,34,0,42,0,7
8.83,1,75,84,61,12,1,3,156,127,0,86,1,9
6.79,1,48,53,78,11,0,3,39,20,0,62,1,11
7.61,0,80,29,61,1,0,9,151,127,0,61,1,11
6.68,1,84,66,78,3,0,6,90,176,0,32,1,5
9.17,0,49,76,72,6,1,1,135,35,3,56,1,11
5.65,2,53,69,63,2,1,3,257,107,0,49,1,11
5.16,2,57,40,52,5,0,1,380,12,1,64,1,6
9.51,4,68,52,79,5,0,0,83,28,0,78,0,7
4.97,0,72,43,76,6,0,2,211,132,0,70,1,7
5.03,1,86,67,80,4,1,8,2,78,0,74,1,5
7.42,0,54,96,100,3,1,0,106,59,0,36,1,5
6.68,0,30,22,76,4,0,0,119,29,0,59,1,7
8.8,0,42,49,64,1,0,4,211,82,0,62,1,2
7.16,0,100,53,83,2,0,6,38,50,4,75,1,11
7.3,0,56,17,52,1,0,2,446,9,1,65,0,12
5.7,0,46,51,57,1,0,1,135,71,2,63,1,1
5.84,3,80,40,54,1,1,0,65,154,1,88,0,9
9.17,1,78,69,40,1,0,6,320,153,0,57,1,3
5.06,2,80,72,20,8,1,5,13,31,0,71,1,2
7.31,1,76,69,72,2,1,0,92,74,0,86,1,1
6.43,0,68,53,74,8,0,4,204,28,1,100,1,12
6.95,0,59,55,50,5,0,5,290,48,0,46,1,12
4.9,0,60,55,54,3,0,2,2,107,4,36,0,6
7.17,1,53,54,40,3,1,2,327,28,3,75,1,1
8.06,1,70,50,69,5,0,0,132,31,1,27,1,9
5.21,3,48,77,32,3,0,0,188,154,0,90,0,9
5.97,5,95,45,72,3,0,3,164,9,1,45,1,10
7.17,0,71,35,59,3,0,7,20,65,0,66,1,9
9.51,1,55,70,69,4,0,3,63,84,1,49,1,6
8.04,0,88,33,83,2,0,4,32,161,0,87,1,11
7.89,4,53,26,23,1,3,4,13,70,2,57,0,7
5.38,3,51,100,82,0,0,0,295,32,0,54,0,7
8.92,3,100,33,67,2,1,5,19,94,2,59,1,1
9.9,5,69,66,78,1,1,2,6,86,3,81,1,8
8.76,0,69,89,43,2,1,0,49,10,1,74,0,9
9.78,2,68,40,49,5,1,1,213,94,0,82,1,3
7.27,3,49,46,91,3,1,3,243,265,2,55,0,8
4.66,0,74,68,79,3,0,1,384,74,2,44,0,8
7.32,0,89,81,65,3,0,7,390,206,0,73,0,11
5.11,0,80,83,19,2,0,0,113,47,0,78,1,6
9.01,0,37,43,37,4,0,2,139,90,3,64,0,8
6.7,5,65,78,56,2,1,9,218,17,0,61,1,5
5.34,0,71,64,61,3,0,9,204,163,4,95,1,6
4.63,0,80,57,84,3,0,1,193,26,0,65,1,6
5.2,0,81,48,61,1,0,2,32,156,1,24,0,6
6.84,3,65,91,60,4,1,4,225,19,1,70,1,6
5.9,5,46,30,80,3,0,7,161,76,0,49,1,8
5.36,1,77,83,85,1,0,1,171,100,0,54,1,12
8.37,3,76,44,56,2,0,2,40,16,0,41,1,2
5.62,0,74,62,52,7,1,1,194,121,0,33,1,7
6.37,5,92,77,62,4,0,5,383,22,0,79,0,12
7.87,0,73,74,58,2,1,5,221,30,3,76,0,12
8.79,0,71,49,65,2,0,2,194,48,0,41,1,9
7.5,0,21,80,94,7,1,4,107,149,4,30,1,6
8.48,0,61,83,62,3,0,3,76,1,3,65,0,8
8.76,2,54,58,63,6,2,7,358,90,0,56,1,2
7.56,1,61,60,82,0,2,6,76,38,4,56,1,10
8.93,0,70,79,79,8,0,0,95,12,1,64,1,3
9.67,0,72,47,45,1,3,3,123,135,1,82,1,11
5.38,1,72,57,90,8,1,7,286,113,0,64,1,2
6.72,4,91,100,48,1,0,9,18,68,0,67,0,7
6.76,1,81,72,44,3,1,4,60,179,0,52,1,3
8.91,4,55,66,76,10,0,1,328,77,0,53,1,10
4.89,4,92,66,69,8,0,4,29,272,0,44,1,4
8.43,1,38,67,52,8,0,5,56,20,1,81,1,5
5.55,0,62,86,58,3,1,1,46,125,0,76,1,3
9.98,0,100,83,68,3,1,5,177,77,0,39,1,11
9.86,0,86,51,61,2,0,2,139,123,0,40,1,10
8.24,1,44,90,51,1,0,3,252,22,0,47,1,1
5.15,0,97,60,88,2,0,5,372,127,2,59,0,9
4.99,0,48,50,53,0,1,5,285,60,1,27,1,3
7.09,0,84,15,49,1,0,6,454,20,0,70,0,11
8.93,0,82,44,62,7,0,1,88,40,0,44,0,12
8.81,0,56,37,86,3,1,1,291,130,0,28,1,9
6.86,2,82,98,85,2,1,1,214,15,1,63,0,6
8.79,4,64,47,81,12,1,6,31,105,0,58,1,2
5.28,1,84,66,82,3,1,9,346,136,0,85,1,7
8.19,1,68,65,53,3,0,4,117,18,0,75,1,10
5.56,0,36,88,26,2,1,6,117,46,1,56,1,5
5.4,0,55,30,61,8,2,0,7,59,3,55,1,7
7.98,1,58,57,61,7,2,1,21,2,0,60,1,5
9.07,1,38,60,26,3,0,5,181,111,1,76,0,10
8.94,1,95,67,39,3,0,2,321,136,0,53,1,1
9.44,0,58,67,76,2,0,3,46,25,0,65,0,9
7.02,3,28,58,100,8,0,0,168,249,1,79,1,4
9.24,1,54,61,54,2,2,0,306,26,0,73,1,3
6.67,3,61,75,52,8,0,2,57,149,1,94,0,8
6.02,2,74,36,75,4,0,2,32,4,0,79,0,7
5.99,0,98,56,47,7,1,3,147,20,0,36,1,6
9.84,1,58,49,75,2,1,0,132,73,0,75,1,6
6.89,0,64,19,79,2,1,6,34,38,0,76,1,9
6.61,0,68,40,42,3,1,1,326,61,0,76,0,9
5.31,1,47,49,52,5,2,6,180,238,1,54,0,10
5.57,0,65,80,60,3,2,5,70,98,0,98,1,5
5.22,1,55,33,32,4,1,6,70,68,1,46,0,6
7.69,0,55,51,47,4,2,7,12,13,0,63,0,12
4.81,0,37,37,85,7,0,7,186,29,0,70,0,11
8.75,4,55,50,77,3,0,7,174,58,0,62,0,6
6.29,1,71,56,52,5,1,2,283,84,0,27,0,12
8.83,5,82,83,85,8,0,1,34,97,0,39,1,3
4.76,0,68,62,69,5,1,8,370,58,0,49,1,9
5.13,0,59,73,78,1,0,6,240,149,0,69,0,9
7.29,0,74,35,49,3,0,0,166,50,2,65,1,2
8.82,0,42,31,73,6,1,2,135,52,0,49,1,2
5.36,0,56,49,52,1,2,0,180,133,0,72,1,1
5.34,0,76,50,77,7,0,4,201,100,1,54,1,6
6.97,4,69,72,61,11,0,2,109,10,1,61,0,9
8.1,0,83,54,82,10,0,5,116,83,0,71,0,11
5.0,0,55,54,78,8,1,0,124,75,1,94,1,4
4.82,0,57,77,92,8,0,1,48,103,0,66,1,3
6.28,2,90,36,33,9,0,3,109,87,0,37,1,3
9.05,0,52,58,43,1,1,4,459,93,0,46,1,3
5.35,0,39,82,86,4,0,2,90,11,0,65,1,12
8.93,2,71,41,23,5,0,0,417,167,3,55,1,6
6.98,0,41,28,46,4,0,4,52,131,2,54,0,11
9.84,0,34,45,73,2,2,1,278,34,2,89,1,4
8.41,0,77,60,100,0,0,10,128,126,3,66,0,11
5.2,1,51,32,42,8,0,2,27,22,0,62,0,10
6.59,0,71,41,69,4,2,0,94,117,0,75,1,8
9.58,1,62,32,62,6,0,0,132,118,0,55,1,10
8.24,0,42,75,58,1,0,2,115,59,1,83,1,3
6.85,0,50,72,56,4,0,3,179,37,1,43,1,10
8.87,0,82,29,46,5,0,1,47,52,3,65,1,10
7.8,1,94,22,97,5,0,2,132,140,0,51,1,6
7.63,0,91,59,66,2,0,7,14,101,2,41,0,12
4.57,0,45,80,71,7,1,3,199,38,0,79,1,8
6.76,1,78,71,94,8,3,0,255,165,2,55,1,8
4.55,4,51,74,78,5,2,0,226,3,4,71,1,7
8.54,3,30,36,62,5,0,7,81,8,0,65,1,2
5.25,1,77,79,75,4,0,6,58,171,0,87,1,12
8.05,3,74,74,49,6,3,3,13,170,1,72,0,8
6.89,1,30,88,48,7,2,0,18,45,0,77,1,12
5.44,0,62,95,80,8,3,7,235,71,0,36,1,6
5.91,0,85,67,52,6,0,3,149,16,0,63,0,10
6.24,1,63,14,74,7,1,2,102,66,0,69,0,6
5.11,5,57,45,67,2,2,8,144,113,2,57,0,7
6.89,2,61,63,59,8,0,2,167,166,1,40,1,9
8.94,0,81,56,49,11,2,3,64,182,5,77,1,1
8.7,0,76,50,44,6,2,2,141,63,1,76,1,8
9.17,1,94,34,68,3,1,5,85,117,0,56,1,4
6.63,0,66,75,56,8,1,6,155,8,0,99,1,8
5.22,0,55,62,70,5,0,4,105,137,2,87,0,10
5.17,0,47,37,67,2,1,3,0,17,0,75,0,9
9.87,1,66,61,71,12,0,3,286,55,3,57,1,11
8.55,5,97,34,85,5,1,7,117,77,0,87,0,10
6.98,5,81,94,37,2,0,0,316,27,0,67,0,8
6.62,0,71,75,49,7,1,0,240,32,0,83,1,1
7.26,1,80,71,85,4,0,9,88,93,0,76,1,2
8.78,0,52,7,91,3,2,4,82,114,0,69,1,7
7.03,2,98,61,46,3,1,6,80,19,0,48,0,6
9.29,1,99,27,60,4,0,1,275,90,0,50,1,11
6.77,0,74,43,66,3,0,4,181,82,0,18,0,6
9.74,4,71,40,52,10,0,6,43,181,1,55,1,1
6.4,0,80,91,41,6,0,4,69,31,2,20,1,5
9.52,0,76,69,59,5,1,3,29,17,1,49,1,5
9.2,0,86,85,83,6,1,6,187,63,1,65,1,12
6.81,2,55,88,47,3,0,6,206,81,2,66,1,1
5.42,4,49,45,58,2,0,6,257,101,4,69,1,4
6.31,0,67,100,62,10,0,5,59,62,1,78,1,9
8.13,0,64,23,41,5,1,0,74,80,0,66,1,12
8.24,0,91,95,64,2,0,6,146,112,0,80,0,11
7.67,1,64,68,65,0,0,0,168,184,1,52,1,2
8.13,0,45,32,57,2,2,0,177,165,1,56,1,2
5.18,0,53,76,36,4,0,7,175,0,3,67,0,12
5.61,0,91,77,58,8,0,7,49,44,0,53,0,11
5.13,1,82,53,66,5,0,2,68,114,0,67,0,6
8.29,1,71,25,68,1,1,3,7,206,0,66,1,12
9.8,2,69,71,32,4,0,8,1,0,0,70,0,12
7.75,0,76,62,59,2,1,2,167,97,0,16,0,10
4.53,0,60,73,49,6,1,3,91,37,2,56,1,4
4.82,3,88,69,61,8,0,0,117,67,5,67,1,10
9.15,0,57,67,60,2,1,2,121,19,0,44,1,6
6.99,2,43,58,46,5,1,8,77,134,0,75,0,11
5.51,0,72,47,46,4,0,6,339,109,2,34,1,6
9.76,4,86,77,59,2,1,3,17,164,0,74,1,12
6.17,3,68,29,69,3,0,3,257,54,0,63,0,7
5.06,0,64,68,38,2,0,2,90,93,5,34,0,12
5.23,1,86,86,74,0,0,3,146,124,0,55,0,10
6.67,1,76,20,32,5,2,7,252,143,1,86,0,8
4.64,0,42,62,40,4,2,6,59,113,0,69,0,8
8.24,3,74,44,85,2,2,4,57,77,0,58,1,9
8.52,0,55,70,84,3,2,0,411,8,0,68,1,6
4.87,0,66,62,57,5,0,2,338,40,0,67,1,7
6.53,0,70,36,41,0,2,8,67,64,1,56,1,11
7.22,0,45,76,69,5,0,5,76,83,0,49,1,5
9.52,0,65,34,69,7,0,3,76,99,4,58,1,4
6.66,3,68,78,48,2,0,7,244,63,0,58,1,7
6.51,0,91,26,33,7,1,2,78,16,0,74,0,12
8.43,0,55,35,63,2,0,0,90,83,1,49,1,8
5.37,1,80,33,52,4,0,3,145,130,0,53,1,10
9.7,1,63,97,51,4,0,7,134,192,0,71,1,2
8.22,0,88,65,100,1,0,3,40,206,0,75,1,12
4.62,3,77,37,53,3,0,2,261,63,0,52,1,2
8.96,3,51,36,34,3,2,5,291,273,3,57,1,2
6.77,0,58,37,56,1,1,3,191,169,1,35,1,9
8.32,0,59,76,51,2,0,5,81,142,2,70,1,5
8.84,0,97,66,66,0,0,2,12,266,0,60,1,11
6.7,2,62,49,52,1,1,1,41,58,1,39,1,9
5.9,0,96,38,66,7,0,8,57,17,1,30,1,12
7.2,0,53,51,46,3,0,8,77,204,1,30,1,1
6.57,0,27,47,60,3,0,8,18,180,0,80,1,7
6.47,3,100,50,63,1,1,2,69,62,1,73,0,9
4.94,0,50,45,45,4,0,1,97,54,1,51,1,4
8.5,0,74,28,89,2,1,0,56,23,0,53,0,12
7.95,0,74,68,90,1,0,2,42,113,0,55,1,7
6.46,3,58,41,47,4,0,5,18,121,0,84,0,10
7.16,0,72,51,36,2,0,9,267,35,0,81,1,6
9.88,1,72,78,62,6,0,5,61,1,1,31,1,6
6.54,2,55,40,70,4,0,8,89,45,1,38,1,10
7.08,2,50,74,68,8,0,5,198,83,0,63,1,6
5.14,0,88,51,49,8,0,2,229,115,1,54,1,4
4.93,0,59,69,6,4,3,10,33,135,1,63,1,2
6.46,2,55,61,43,1,2,0,28,91,2,34,0,11
9.57,1,56,67,59,1,1,2,68,83,1,99,1,4
7.29,2,70,38,66,8,1,3,179,59,0,47,0,8
8.22,3,65,6,87,2,1,7,412,94,0,80,0,8
6.88,2,78,61,56,0,0,3,27,80,1,47,1,5
6.27,0,92,37,60,2,0,1,52,9,0,38,1,4
4.98,0,56,70,36,7,1,1,85,105,0,60,0,6
7.24,2,84,49,66,1,0,9,279,57,0,45,1,10
9.57,0,72,56,71,7,2,3,324,98,2,69,1,6
5.93,0,84,56,58,4,0,9,224,161,0,74,1,2
9.68,3,70,65,88,3,1,0,14,54,0,91,1,6
8.91,2,55,73,50,1,0,4,220,99,1,71,1,8
8.87,0,74,81,63,4,0,2,239,91,0,76,1,5
5.69,0,75,80,63,3,3,6,366,27,0,62,1,6
6.19,0,77,74,72,7,0,0,48,49,0,74,1,9
6.58,0,81,74,100,6,2,2,99,133,1,67,1,11
4.97,0,60,48,61,2,2,5,182,161,0,81,1,5
5.69,3,65,63,64,2,1,4,75,33,0,73,0,9
7.51,1,60,58,73,4,0,4,131,169,1,54,1,8
7.21,0,98,61,77,2,3,2,281,14,2,76,1,5
9.06,4,60,61,27,4,0,5,357,62,0,57,1,10
6.56,1,53,69,58,7,1,0,221,103,0,66,1,5
5.52,1,46,68,40,2,1,1,325,10,1,63,1,8
6.58,0,68,42,55,4,1,0,1,5,2,67,1,10
8.98,0,59,60,53,1,0,2,114,26,0,82,0,7
8.86,0,78,75,67,8,1,3,263,0,1,76,0,7
6.51,0,43,34,81,2,1,2,216,230,0,72,0,6
6.34,2,51,52,63,4,0,6,421,119,0,72,1,4
4.62,0,60,44,66,8,2,2,111,48,1,62,0,6
9.22,0,56,12,49,8,0,10,45,117,0,57,1,10
6.23,0,50,52,70,5,0,2,14,51,1,67,1,11
8.41,4,56,63,34,4,0,1,2,7,2,64,1,3
6.94,0,87,18,42,0,2,4,367,17,0,67,0,7
6.97,0,68,69,84,2,1,1,145,39,0,27,1,1
6.63,3,81,56,71,5,1,2,87,13,0,51,0,8
7.17,1,22,48,75,7,0,4,174,175,0,91,0,6
5.35,0,87,90,57,1,1,7,162,85,3,77,0,8
8.97,2,53,95,72,4,0,1,131,146,2,58,1,7
8.05,0,53,29,67,9,0,5,121,178,0,53,1,3
5.38,0,81,80,61,6,3,6,32,182,1,61,1,10
5.42,1,55,58,13,12,0,1,107,69,0,76,1,12
5.19,0,55,61,59,2,0,0,349,47,0,100,0,11
8.49,0,85,40,36,2,1,4,212,57,0,69,0,10
7.89,0,63,50,56,5,0,6,39,109,0,84,1,10
4.64,0,46,64,69,4,1,8,181,203,0,80,1,11
6.62,0,87,93,75,0,1,2,35,161,0,76,1,10
8.07,0,73,75,54,11,1,0,177,45,0,72,1,8
6.27,0,49,56,47,6,0,2,51,351,0,43,0,11
8.18,2,46,74,39,2,2,2,116,158,0,45,1,11
7.92,0,78,49,69,5,0,9,58,102,0,91,0,6
6.58,4,64,54,65,2,0,2,94,109,1,99,0,12
6.33,1,78,56,83,5,1,4,291,260,0,64,1,12
4.91,1,68,43,53,7,0,8,20,22,0,95,0,10
6.06,0,80,36,59,4,0,1,77,7,2,68,1,9
6.93,2,64,17,43,8,0,6,39,5,0,52,1,11
9.49,1,76,37,57,12,1,5,153,153,0,68,1,7
5.23,5,75,24,59,2,1,0,58,150,2,94,0,12
9.87,0,56,65,22,3,1,2,39,150,0,93,1,3
8.22,0,59,57,78,2,1,4,61,152,2,41,1,1
9.23,2,51,88,44,6,2,2,289,45,1,46,0,9
7.96,5,46,52,60,4,0,8,2,127,3,44,1,5
9.52,0,41,70,72,3,3,1,283,98,1,75,1,9
4.77,0,100,89,77,0,0,4,232,3,0,48,1,7
6.97,2,69,84,50,3,0,2,465,87,0,67,1,5
4.64,0,72,56,77,6,3,4,162,136,0,74,1,3
8.67,3,41,52,69,6,0,5,129,217,0,70,0,11
9.19,0,86,51,57,5,2,1,423,186,3,62,1,8
6.72,0,68,77,66,1,0,5,143,171,0,72,1,3
6.34,0,91,84,42,4,1,7,115,208,1,37,1,1
9.38,0,69,33,86,0,3,7,158,101,0,70,1,3
6.3,5,82,55,59,6,2,0,197,6,0,67,1,9
7.48,2,62,65,68,5,3,3,54,64,0,61,0,6
4.81,2,53,27,52,7,0,6,412,41,2,64,0,12
9.42,3,65,52,67,3,0,4,327,25,0,76,0,6
9.3,4,41,80,78,2,0,0,28,197,0,39,0,10
8.04,1,40,78,52,4,1,3,21,116,0,78,1,9
6.22,2,100,64,61,9,0,0,81,178,0,64,0,7
7.63,0,52,47,40,8,2,10,102,231,0,42,1,1
5.67,2,90,96,67,2,0,4,285,98,0,70,1,7
5.08,0,64,66,61,4,0,4,209,44,5,85,1,5
8.08,0,60,100,41,7,0,3,30,37,0,53,1,4
4.6,0,76,47,50,10,0,3,2,80,0,57,0,8
7.46,4,100,88,98,0,1,1,17,53,1,69,0,7
6.19,0,72,65,58,3,1,0,160,128,0,68,1,10
4.52,2,53,63,85,2,0,2,198,96,0,37,1,1
5.32,0,45,79,79,1,0,3,164,68,0,100,0,11
6.83,1,48,91,77,3,0,2,271,45,0,18,1,8
6.98,4,44,52,55,3,0,8,281,149,3,37,1,1
4.61,0,68,39,69,8,0,6,60,49,0,46,1,3
6.22,4,74,96,43,2,1,3,249,107,0,34,1,6
5.59,0,82,79,69,7,2,4,205,10,1,65,0,9
7.16,2,71,78,67,0,1,6,175,1,0,67,1,1
8.7,0,46,63,55,2,0,7,1,45,0,66,1,11
5.53,0,43,26,31,7,2,2,216,166,0,49,0,12
4.62,0,89,88,15,0,0,5,240,34,0,65,0,9
5.71,1,83,57,64,0,0,2,40,145,0,66,0,12
5.52,0,98,65,66,8,3,6,86,26,0,51,1,11
5.15,0,62,71,66,1,1,6,232,181,2,81,1,9
7.81,0,86,80,74,6,0,1,226,43,0,89,1,1
9.13,2,49,43,57,6,2,8,212,37,0,66,0,10
9.48,0,58,37,53,2,2,6,284,54,0,76,0,12
4.59,4,80,62,52,3,1,1,133,17,0,34,1,2
5.45,2,59,76,53,4,0,5,340,104,2,37,1,2
6.39,0,64,63,71,7,1,3,220,65,0,43,1,4
6.61,5,70,66,68,9,0,2,108,125,0,66,1,11
5.03,3,54,38,100,4,0,0,3,207,0,39,1,4
8.78,0,72,63,90,0,0,5,301,119,0,75,0,6
8.05,0,45,68,91,0,0,0,215,27,0,70,1,9
5.62,0,40,61,41,1,1,0,350,61,0,71,1,9
7.97,0,100,95,42,4,2,5,213,150,0,84,1,6
9.25,0,57,72,99,5,0,0,217,105,3,36,1,11
6.7,4,68,52,51,5,3,6,115,186,0,51,1,2
5.55,2,56,85,56,2,0,8,19,77,0,55,1,3
6.86,1,43,40,66,3,1,4,22,152,1,61,1,4
8.65,0,40,80,80,3,0,0,43,17,0,93,1,11
8.39,0,50,83,58,5,1,0,216,32,3,74,1,10
5.54,0,33,91,32,3,1,3,321,163,0,60,0,12
4.69,0,82,54,62,6,2,2,104,65,3,41,1,8
4.77,0,43,58,37,1,1,5,205,25,1,58,1,10
6.75,0,89,73,76,1,0,0,217,99,0,51,0,8
9.04,0,70,74,66,5,1,0,286,173,0,67,0,10
7.76,0,84,83,40,10,1,2,112,11,0,87,1,10
6.08,0,100,53,58,2,1,0,14,100,0,34,1,7
9.24,0,52,63,94,0,1,2,52,118,3,91,1,6
7.8,0,72,86,100,5,0,0,84,37,0,91,1,3
6.24,0,71,42,89,3,2,0,39,87,0,75,0,12
7.7,5,66,36,66,7,1,0,259,99,0,57,0,8
7.89,0,75,60,12,2,1,0,376,123,0,41,1,6
4.76,2,60,92,87,2,1,2,398,126,1,47,0,10
8.74,5,43,86,63,2,0,2,12,168,0,100,0,11
8.84,0,78,65,33,0,1,9,8,52,0,100,1,5
7.56,4,89,72,60,6,0,0,188,71,0,68,1,6
8.97,4,58,69,64,0,1,0,100,71,0,42,1,6
6.37,3,100,42,54,5,1,5,154,6,1,61,1,11
8.65,1,32,75,60,0,1,1,401,140,0,43,1,4
5.93,2,74,38,70,7,1,7,65,123,1,62,1,3
7.81,3,92,44,78,3,3,7,77,208,0,91,0,12
7.36,5,51,25,37,4,2,3,173,43,3,82,1,4
7.92,3,42,59,57,3,2,1,337,37,0,47,1,5
9.41,1,53,88,84,5,0,9,6,42,0,43,1,12
8.36,4,64,56,45,4,0,1,96,36,1,84,0,11
4.74,3,39,69,38,7,1,2,224,93,0,74,0,6
6.48,0,87,36,51,9,0,2,140,17,0,100,0,9
6.95,2,47,59,41,2,0,1,424,30,0,60,0,12
5.48,1,39,78,86,8,0,1,204,73,0,76,1,2
6.22,3,58,55,50,3,0,0,183,10,0,70,0,8
8.4,1,44,100,52,3,0,2,167,158,0,40,1,7
7.21,0,35,7,35,5,0,1,27,179,0,83,0,10
9.2,5,100,58,46,9,1,0,269,17,0,54,0,9
7.32,0,34,50,75,6,1,1,307,32,0,74,1,8
7.91,1,49,59,59,5,1,0,113,27,2,48,1,2
4.79,0,47,69,65,1,0,0,194,36,0,68,1,9
9.7,3,39,58,54,2,0,4,88,131,2,91,1,3
6.03,0,53,61,47,1,0,7,266,10,0,51,1,4
9.51,1,68,71,3,12,1,2,110,83,0,34,1,12
9.76,0,63,44,61,4,0,2,420,146,1,58,1,5
9.7,0,59,73,73,5,1,0,264,73,0,66,0,10
9.43,0,62,23,86,3,0,3,231,103,1,65,1,10
9.9,1,58,62,73,7,2,1,89,175,0,36,1,8
7.7,3,71,67,65,6,0,6,225,87,0,64,1,12
6.39,0,47,46,58,4,0,7,145,178,0,66,1,5
6.09,0,67,79,79,4,1,3,10,10,0,43,1,7
7.55,0,89,64,50,7,3,0,66,116,0,9,1,4
8.96,0,77,63,53,5,1,2,122,223,0,79,1,12
8.92,4,29,41,54,5,1,2,17,1,0,68,1,2
5.41,0,86,61,77,2,1,7,195,122,1,81,0,12
8.98,1,66,48,58,2,0,7,170,40,1,87,1,11
7.53,0,100,100,82,3,0,7,182,182,0,57,1,6
7.28,3,67,59,42,7,0,3,402,128,1,71,0,12
9.06,2,42,49,31,5,1,4,390,77,1,48,1,6
6.01,1,60,47,26,3,0,4,51,14,0,64,1,11
8.86,3,93,77,90,4,0,2,180,112,0,34,1,7
7.11,0,66,60,68,7,1,6,30,161,5,31,1,12
5.35,3,40,44,60,2,1,0,166,82,0,39,0,6
9.98,1,75,32,45,3,0,5,149,33,1,69,1,3
5.91,0,64,85,57,3,0,1,5,52,0,48,0,6
7.44,0,49,46,46,0,0,1,142,49,0,77,1,1
6.19,0,71,47,46,6,0,0,0,135,0,65,1,2
8.51,4,63,48,55,8,2,2,43,14,2,54,0,10
7.4,0,84,89,23,2,0,3,334,159,0,67,1,11
9.95,1,33,90,53,3,0,1,124,146,0,75,1,4
6.45,0,33,57,67,0,1,1,128,25,0,51,1,9
9.14,0,61,46,47,3,1,2,305,195,0,62,0,10
5.54,2,74,97,82,10,0,6,164,0,2,61,1,12
9.47,2,93,32,84,1,2,0,321,145,2,75,1,6
8.08,0,81,62,54,9,0,2,37,18,0,26,1,6
9.4,1,84,79,90,1,1,1,293,9,0,80,0,8
5.87,3,42,46,80,6,0,2,119,11,0,79,0,6
8.0,2,77,24,49,2,0,0,0,125,0,49,0,7
6.98,2,99,54,56,4,3,1,20,50,0,45,1,6
6.23,1,71,34,63,3,1,1,112,202,1,76,0,11
6.98,0,69,64,57,2,0,3,135,114,0,53,0,9
9.23,1,53,54,55,12,0,0,467,43,1,44,1,12
4.89,0,50,87,57,1,0,4,222,4,0,63,0,12
6.05,0,49,54,29,7,0,2,40,126,0,71,0,6
8.26,0,72,31,69,2,1,1,324,104,0,28,1,11
9.07,1,97,34,89,4,1,1,382,11,0,66,1,11
8.11,0,66,50,52,0,1,3,39,40,0,57,0,6
9.44,0,54,33,30,4,1,1,78,124,1,91,1,9
7.24,4,62,75,78,6,1,2,123,49,0,46,1,11
5.07,1,77,71,57,4,0,8,118,75,1,49,0,7
5.13,0,53,52,42,4,1,4,70,81,4,75,0,6
9.33,1,85,61,67,0,1,2,118,186,0,97,1,8
4.97,0,93,64,70,3,2,0,15,2,0,84,0,10
5.35,0,73,81,73,0,1,5,363,91,0,83,1,2
5.59,1,65,63,75,7,0,3,149,39,0,76,0,8
4.65,0,89,82,70,7,0,1,188,65,0,30,1,6
6.22,2,65,19,67,4,0,0,184,117,0,54,0,7
9.57,2,54,40,65,1,0,1,85,90,0,100,0,6
6.87,2,61,55,85,2,0,4,150,93,2,52,1,8
5.72,4,64,68,53,7,0,2,536,39,0,40,0,12
9.89,0,52,78,39,1,1,3,19,35,0,60,0,7
5.89,0,68,52,59,7,1,7,29,122,2,89,0,12
7.81,0,44,79,73,3,0,8,132,86,1,41,1,9
6.68,0,67,59,74,1,1,9,51,149,0,40,1,10
5.74,0,61,72,100,0,0,2,133,14,0,35,1,9
8.19,0,46,46,69,1,1,5,36,32,0,63,0,12
5.71,0,98,62,69,10,0,2,71,122,0,62,1,4
6.82,0,60,27,35,9,0,5,55,30,0,29,0,7
4.55,1,88,57,60,3,0,1,294,0,0,86,0,9
6.91,2,91,43,43,9,0,9,67,52,0,20,1,11
6.03,1,70,65,41,3,1,1,80,93,0,57,0,11
7.61,0,69,49,75,2,1,2,238,98,0,100,1,9
6.13,1,48,58,68,4,2,7,215,83,0,69,1,6
7.73,1,75,44,56,9,0,2,208,54,1,41,0,8
9.26,4,77,79,47,1,1,10,450,27,2,62,1,10
7.09,0,64,33,74,10,0,0,130,118,1,42,0,8
6.01,3,40,69,50,0,0,0,188,126,0,14,1,7
8.97,0,55,62,79,4,0,1,410,152,1,52,1,8
4.82,1,57,82,25,3,0,1,304,44,0,84,0,6
9.09,0,73,93,51,5,2,0,6,7,0,91,1,10
6.33,2,62,83,56,2,1,6,171,31,2,65,0,8
5.31,4,74,76,58,0,0,1,13,59,0,80,0,6
7.21,1,59,29,63,3,0,2,13,67,0,57,0,8
8.32,1,50,73,50,4,0,1,195,49,0,76,1,11
5.75,2,52,47,63,2,2,6,63,175,0,66,0,10
4.88,0,62,56,71,7,0,1,374,2,0,80,1,1
8.27,1,78,100,77,4,0,9,322,65,0,79,1,5
4.66,3,79,31,83,2,1,2,224,22,3,77,1,5
8.72,0,69,58,80,6,1,3,9,91,0,68,1,12
7.01,0,71,64,39,5,0,0,398,38,0,72,0,9
5.45,3,39,55,74,5,0,2,65,10,2,57,0,6
6.23,0,74,37,36,0,0,1,121,73,0,59,1,5
7.57,3,60,69,96,2,0,6,194,26,0,69,0,6
7.92,0,48,41,76,2,1,0,131,120,0,51,1,10
8.23,0,57,80,58,5,0,0,109,67,0,83,0,7
8.8,3,64,41,40,2,2,2,220,94,0,16,0,9
7.28,1,72,53,69,4,0,2,42,111,1,66,1,2
8.75,0,41,82,82,4,1,2,146,0,0,68,1,9
7.97,0,71,5,62,6,1,0,40,191,0,100,1,4
5.95,2,67,53,64,3,0,2,11,121,2,69,1,5
9.18,0,56,27,100,2,0,1,243,54,0,22,1,2
7.4,0,45,59,46,5,0,2,80,99,0,54,0,11
6.14,0,54,70,57,11,1,1,223,106,1,93,0,6
9.93,0,49,88,57,4,1,5,234,3,0,64,0,12
7.86,2,66,94,66,2,0,3,86,28,0,61,0,12
9.49,1,69,72,41,7,2,4,72,121,0,31,1,12
5.71,0,58,58,49,7,0,4,219,57,5,64,1,11
9.07,0,47,50,68,4,1,10,267,74,0,77,1,7
8.11,4,60,85,78,5,1,5,18,19,0,72,0,11
7.88,0,85,81,52,0,3,0,160,140,0,100,1,5
9.4,0,59,68,60,5,0,6,109,68,1,48,1,10
9.66,0,56,34,67,6,1,0,171,23,1,71,1,10
9.37,2,95,94,86,9,1,7,217,50,4,66,1,7
8.64,1,73,42,51,2,2,6,3,14,1,71,1,1
9.68,0,94,88,38,1,1,2,33,198,1,53,1,8
9.37,0,76,62,69,1,3,6,274,117,0,64,1,12
5.73,0,100,66,69,0,2,5,287,85,1,46,1,5
5.09,1,41,63,65,1,1,1,268,26,0,66,0,6
5.74,1,79,92,61,7,0,4,141,129,0,29,1,4
6.97,0,93,36,49,6,1,1,11,94,1,77,0,7
9.21,1,88,58,43,7,1,7,175,82,2,74,1,9
6.59,2,52,99,43,2,1,9,4,185,0,74,1,11
8.57,0,54,74,34,2,0,0,224,112,0,83,0,6
8.09,0,64,17,57,5,1,3,321,238,0,22,0,7
5.18,3,70,42,63,3,2,0,28,77,0,73,0,11
9.71,0,60,51,73,2,0,5,177,123,0,85,1,9
6.31,0,78,70,49,9,0,3,129,99,0,40,1,6
7.59,0,95,81,59,6,0,4,162,104,0,77,1,5
6.59,4,68,45,49,5,1,3,19,194,0,66,1,3
7.55,4,76,28,82,2,0,2,122,351,0,32,0,8
9.06,0,47,56,56,3,0,7,67,64,0,45,1,3
5.96,0,78,38,59,3,0,6,182,143,0,52,0,7
5.04,0,76,25,52,2,0,2,177,35,1,84,1,11
5.05,0,88,100,78,2,0,6,405,46,1,73,1,12
7.62,0,73,78,88,6,1,2,59,76,0,86,1,11
7.07,0,61,76,70,2,1,0,130,71,0,67,0,12
8.99,3,72,76,56,6,0,1,515,15,0,61,1,9
6.78,2,62,52,69,6,0,0,15,69,0,55,1,12
7.84,4,65,38,96,6,0,1,152,131,0,39,1,11
5.97,2,16,62,63,6,0,5,187,73,0,42,1,5
7.35,3,75,67,72,6,0,2,112,20,2,63,0,6
5.85,0,43,26,75,1,0,7,10,111,0,44,0,6
8.06,0,62,82,51,2,1,3,201,29,0,75,1,9
8.89,0,57,48,88,0,2,4,151,153,1,77,1,12
8.81,0,93,68,60,5,0,2,112,59,0,67,1,3
6.37,4,46,39,80,8,1,2,139,8,0,59,1,12
9.12,1,52,71,79,10,1,7,78,62,0,64,1,12
5.06,0,21,69,78,2,0,1,206,47,2,74,1,5
7.39,1,62,67,70,2,2,7,23,64,0,55,1,10
5.69,0,65,93,96,6,0,7,182,100,1,43,1,7
6.69,1,60,62,90,0,0,1,194,16,0,83,1,5
8.16,2,63,73,31,1,0,4,104,18,0,61,0,11
5.08,0,48,20,88,8,1,0,209,53,2,58,0,11
8.86,1,64,62,63,4,1,3,235,24,0,90,0,8
8.05,0,39,75,53,4,0,8,57,52,0,25,0,6
8.15,1,62,40,78,5,1,7,253,89,0,74,0,7
6.43,0,55,79,75,2,1,1,162,144,0,45,1,9
8.85,0,39,30,63,7,0,2,57,157,2,62,0,9
9.84,1,74,90,64,3,1,1,391,31,2,70,0,8
6.62,1,67,39,74,0,1,6,140,179,0,59,1,2
8.69,1,57,57,91,0,0,2,62,14,0,83,1,2
8.22,0,61,88,78,0,0,1,236,67,0,65,1,9
9.71,0,70,74,88,8,1,2,18,17,0,56,1,2
8.45,0,81,96,60,8,0,3,5,22,3,44,1,12
7.31,1,79,50,85,1,1,5,168,1,3,74,1,2
9.23,1,100,69,83,1,2,6,91,235,3,62,1,6
8.35,4,79,78,100,2,0,1,316,138,1,81,1,3
9.11,0,68,60,91,7,2,3,35,154,0,31,1,2
9.06,4,68,78,59,2,2,5,147,160,0,66,1,11
6.79,4,72,77,89,0,0,3,382,124,1,45,1,2
6.06,2,53,74,69,7,1,1,288,14,1,70,0,12
7.51,0,54,14,66,8,0,2,56,143,0,98,0,7
8.38,2,67,46,79,5,0,6,65,6,2,48,1,12
8.71,4,61,77,51,8,1,7,131,39,0,76,1,6
7.26,1,79,44,100,2,0,3,224,44,2,93,1,8
4.6,1,45,80,49,4,0,0,29,74,0,61,1,4
4.97,0,63,80,30,8,0,4,240,72,2,69,1,8
7.5,0,33,95,60,3,1,2,67,16,1,39,1,11
9.23,0,64,62,63,0,0,0,225,244,1,53,1,8
7.93,0,68,47,78,4,2,7,353,112,4,88,1,2
6.89,0,41,95,59,4,0,7,225,84,1,77,0,12
8.11,5,71,54,39,3,0,3,308,50,1,86,1,8
5.1,4,53,50,50,3,0,0,124,18,2,72,1,9
9.85,5,68,20,55,8,0,8,86,157,1,82,1,9
6.0,1,52,48,63,2,0,7,144,187,1,57,0,8
5.68,0,65,90,62,2,0,2,548,45,0,71,0,6
8.58,1,61,58,61,6,1,0,146,206,0,34,0,12
6.48,0,68,94,48,10,0,4,21,28,0,70,1,5
8.79,0,22,17,37,4,2,0,125,87,0,50,1,4
8.33,0,42,48,70,1,3,0,200,71,1,67,0,8
5.67,0,69,27,61,8,1,5,181,218,0,74,0,11
9.73,1,89,85,39,0,0,7,117,42,1,64,1,11
5.46,5,68,41,71,2,1,6,133,43,0,69,1,8
5.76,4,61,53,90,2,0,3,178,7,5,32,0,8
8.48,0,81,18,43,1,0,1,28,44,0,55,1,1
8.23,0,73,50,44,4,2,9,91,62,1,97,0,9
9.67,0,37,95,72,5,3,5,144,36,3,55,1,8
7.89,1,77,94,57,1,0,4,85,61,0,60,1,2
4.86,0,14,76,62,3,1,1,25,128,0,100,0,12
8.43,1,64,46,12,6,0,2,110,122,0,37,0,6
7.25,4,54,43,33,1,0,4,116,151,0,62,0,11
8.86,0,69,21,72,0,0,7,163,44,0,33,0,7
8.38,1,79,43,64,4,0,3,12,22,1,85,1,11
8.57,0,58,49,61,9,0,4,2,100,4,70,1,10
4.66,0,6,37,47,0,1,6,206,122,2,79,0,10
7.39,0,98,49,86,1,0,1,47,69,0,63,1,2
5.05,0,86,39,54,3,0,9,272,148,0,61,1,1
7.86,2,85,52,59,5,1,2,181,86,0,64,1,2
8.91,4,82,62,51,11,1,0,298,67,0,66,0,6
6.21,0,51,64,43,1,0,0,146,24,0,63,0,9
7.99,2,78,61,82,7,1,0,220,69,2,69,0,7
4.95,0,60,70,49,3,1,2,318,5,0,43,0,11
4.8,2,87,52,57,8,0,6,406,4,0,59,0,11
8.11,0,71,69,54,4,0,3,148,59,0,67,1,11
6.81,0,75,85,58,4,1,0,45,132,1,39,0,7
9.05,0,76,78,66,4,0,7,218,81,0,19,0,10
6.65,0,55,45,70,3,0,0,321,117,2,22,0,11
6.68,0,48,90,67,4,0,4,17,107,0,57,0,11
9.42,3,75,82,54,10,0,6,258,80,0,47,1,3
8.42,1,79,65,70,5,1,5,83,31,0,68,1,11
9.58,1,68,61,67,2,0,1,208,1,0,59,1,2
7.82,0,65,67,60,6,1,7,17,49,1,25,1,1
7.68,0,56,47,44,1,1,0,104,36,0,72,1,5
5.99,2,27,25,61,2,0,3,160,50,0,48,0,8
5.23,1,66,44,43,12,1,1,225,61,1,43,1,4
7.69,2,72,87,81,3,2,3,104,150,2,74,1,2
6.31,1,68,99,68,3,1,8,69,133,0,61,1,11
6.0,0,76,27,56,6,2,3,271,154,5,85,1,8
8.27,0,49,57,53,5,0,7,203,162,0,59,1,4
4.93,0,42,25,44,2,0,2,127,181,0,63,0,10
6.62,0,46,87,54,4,0,3,333,142,2,49,1,3
9.75,2,68,35,47,2,0,8,217,37,0,48,0,7
6.66,0,93,48,65,1,0,1,105,33,0,100,0,9
6.04,0,100,16,64,0,0,2,63,5,0,71,0,12
6.73,0,72,41,96,6,0,1,121,80,0,51,0,6
6.5,4,81,42,47,8,0,4,91,11,1,81,0,10
8.38,0,80,46,52,3,1,5,71,107,0,64,1,11
6.71,0,68,36,60,0,1,3,10,102,0,58,1,12
7.61,0,92,38,75,8,0,1,30,40,0,72,1,5
5.12,3,42,47,46,4,2,5,71,48,0,59,1,8
6.79,0,77,44,93,4,2,4,11,85,0,63,1,12
9.3,0,77,82,37,3,1,0,110,75,0,77,0,8
8.12,0,79,62,78,1,0,8,256,71,3,68,1,11
8.73,3,36,83,55,0,1,7,40,126,1,58,1,11
5.88,0,68,45,22,4,0,7,219,140,1,99,1,9
9.06,1,69,100,57,0,1,2,165,147,0,39,1,12
8.3,4,62,62,83,8,0,3,37,140,2,70,1,9
5.21,0,75,74,87,6,0,7,190,41,0,64,1,4
6.17,4,37,66,72,2,1,5,182,162,1,100,1,5
9.86,3,89,68,43,4,1,2,11,108,0,61,1,6
5.54,0,100,39,55,5,0,3,163,170,1,68,0,10
9.93,2,69,35,38,5,2,5,364,119,0,63,1,10
5.08,0,47,67,39,5,1,0,182,61,4,93,1,12
7.21,0,73,68,73,3,0,1,161,62,0,82,1,7
5.81,0,22,95,48,0,1,5,482,45,0,42,1,4
9.78,0,79,26,72,4,0,3,63,154,0,79,1,8
6.4,0,49,31,57,4,0,3,122,69,4,92,1,12
6.35,3,62,100,71,9,2,7,130,71,0,91,1,7
4.58,2,78,81,38,4,0,5,3,123,0,40,1,3
6.01,0,81,86,90,1,1,0,36,72,0,47,0,9
9.83,0,77,47,70,4,1,2,126,69,3,67,1,8
6.27,2,52,29,70,2,1,8,72,71,1,61,0,6
7.53,1,65,63,28,5,2,5,363,99,0,41,1,10
6.17,5,66,69,82,9,1,3,33,264,0,45,1,10
5.77,0,65,54,48,0,2,1,41,126,0,46,0,10
8.12,0,72,59,74,7,0,4,174,129,2,54,0,9
8.31,0,22,86,59,3,1,10,31,140,3,69,0,8
7.71,1,54,74,35,7,1,2,10,137,0,89,0,12
9.76,1,58,57,80,3,0,9,113,189,1,67,1,9
8.69,0,75,43,36,3,1,9,220,73,0,64,1,7
5.87,0,100,77,100,6,0,5,105,58,4,60,0,12
7.38,4,96,71,64,2,0,2,16,8,0,63,1,12
8.8,1,66,71,51,4,0,5,8,93,1,83,0,7
5.83,1,75,89,32,8,1,5,91,73,1,75,0,8
5.51,0,100,53,78,6,0,4,340,26,0,41,1,11
6.9,2,42,50,21,3,0,3,325,2,0,60,0,12
9.78,2,68,42,60,7,0,2,94,187,1,57,1,11
4.96,0,86,41,57,6,0,5,14,113,0,93,1,5
9.22,1,70,32,49,5,0,10,147,87,0,71,0,12
7.02,1,78,51,35,3,0,9,314,148,1,58,1,1
4.61,1,46,63,95,5,0,2,177,172,0,77,1,10
7.84,1,64,28,87,5,0,3,237,3,1,49,1,9
7.72,2,47,97,57,0,0,0,16,46,0,63,1,5
6.07,5,66,43,12,4,1,7,83,66,2,73,1,4
5.93,4,100,51,74,1,1,0,180,109,0,23,1,9
9.24,0,77,60,100,4,0,3,51,11,0,100,1,8
7.79,0,63,72,97,8,3,1,273,16,0,37,1,5
7.9,0,73,44,64,0,0,0,69,116,4,57,1,12
7.62,0,55,68,74,3,0,1,438,54,0,53,1,5
4.78,1,80,89,97,8,0,2,125,255,0,30,1,5
8.09,0,67,72,74,0,2,6,17,105,0,81,1,5
8.62,2,50,65,75,1,2,0,8,252,1,66,1,4
5.93,0,34,68,47,4,0,6,15,12,2,95,0,9
5.23,3,62,95,74,5,2,7,42,135,0,53,1,5
9.23,1,71,47,70,4,0,1,69,24,0,76,1,5
7.41,0,64,59,77,0,1,5,153,58,3,53,0,10
8.0,1,72,68,87,7,1,4,20,154,0,67,1,10
5.78,1,54,97,61,3,0,6,52,41,0,65,0,6
4.77,0,94,43,61,5,0,1,400,121,0,39,0,6
8.81,2,31,38,53,3,0,1,99,63,0,27,1,10
7.03,0,83,57,89,8,0,4,200,16,1,60,1,12
6.25,0,87,5,81,4,0,9,162,53,0,76,1,6
5.56,0,74,65,47,3,0,8,153,8,1,67,0,8
6.83,3,76,34,56,3,0,3,152,19,0,64,0,10
5.51,1,36,29,51,7,0,2,142,44,1,55,1,8
5.49,0,31,44,86,0,0,4,333,225,1,49,1,6
8.11,1,37,51,27,8,1,1,154,89,0,65,1,2
9.54,0,76,44,64,2,0,7,45,54,0,44,1,11
5.06,0,50,60,63,1,1,0,260,86,0,52,1,2
9.51,3,70,60,56,2,0,0,106,87,0,60,1,5
5.57,0,82,33,50,7,1,4,292,44,0,63,0,10
7.93,0,47,67,79,6,0,3,125,155,2,85,0,10
6.13,0,63,60,42,2,0,1,74,198,0,56,1,4
4.96,3,69,58,36,6,2,6,77,85,0,63,1,8
9.26,5,79,41,33,2,1,1,402,30,1,67,1,11
9.14,5,83,47,55,3,0,5,191,157,0,63,0,9
5.29,2,51,91,55,6,0,4,439,183,0,71,1,2
8.75,0,94,86,42,5,1,3,143,85,0,76,1,4
8.35,1,40,80,94,6,0,1,29,356,2,72,0,10
8.37,0,52,80,56,2,0,2,64,121,1,56,1,4
6.47,1,80,71,48,8,2,2,172,22,3,99,1,4
6.68,3,58,53,51,6,0,1,200,146,0,59,1,9
6.98,0,96,38,50,6,1,4,444,162,0,35,1,1
6.28,0,34,94,46,5,0,2,132,128,1,48,0,6
4.64,0,53,78,59,6,3,3,94,65,0,58,0,12
5.59,1,65,79,73,7,1,9,45,74,4,59,1,1
4.6,3,78,59,82,11,0,4,242,4,0,74,1,6
5.7,4,50,74,75,2,0,5,125,56,0,60,0,12
9.97,4,47,63,55,12,1,6,68,31,2,64,1,8
9.47,0,70,75,75,8,0,3,90,115,0,91,1,9
5.76,0,65,43,76,2,1,6,169,98,3,47,0,6
8.51,0,58,74,83,0,0,1,123,149,0,61,0,8
6.76,1,60,88,52,3,2,5,191,86,1,64,0,6
7.39,2,52,69,33,8,0,6,57,6,0,27,0,11
5.1,1,92,86,76,2,1,4,39,39,0,69,0,11
6.69,5,63,67,65,3,0,2,53,122,0,43,1,5
9.03,1,31,42,95,5,0,3,122,59,0,70,1,4
9.78,0,62,68,74,8,0,7,196,122,2,65,1,11
7.62,0,51,64,73,5,0,7,87,39,0,76,1,6
8.64,1,69,69,74,5,0,0,257,25,2,92,1,3
6.31,0,77,79,66,6,0,4,90,111,0,58,1,12
4.83,0,57,66,75,3,0,5,3,177,0,45,0,9
4.79,1,51,92,73,2,1,2,150,69,2,84,1,1
9.32,0,81,61,45,7,0,0,139,120,0,77,1,9
8.89,3,87,82,69,5,0,9,161,195,2,94,1,8
6.29,0,43,30,82,5,2,3,67,99,0,90,1,4
4.99,0,79,68,69,10,0,2,135,113,0,53,1,9
6.92,4,90,63,89,1,0,4,24,31,0,46,0,9
7.24,0,18,58,73,4,0,2,219,137,1,66,1,4
6.62,0,56,56,44,7,3,7,82,144,0,44,0,9
6.41,1,45,85,54,3,1,1,262,40,0,75,1,9
7.73,1,100,55,70,4,0,1,240,166,0,54,1,2
7.09,0,70,53,46,9,1,0,215,74,0,46,1,1
7.1,4,7,42,29,2,0,3,84,46,1,27,0,9
9.93,4,13,67,44,4,1,0,95,134,0,56,0,12
8.41,1,95,49,68,3,0,5,62,204,2,62,0,10
7.96,1,29,79,35,9,2,0,51,71,0,52,1,5
6.85,0,71,72,83,8,0,9,92,277,0,62,1,12
4.79,1,74,72,58,2,0,6,312,235,0,30,0,8
9.66,0,52,82,82,3,0,2,113,36,3,82,1,8
9.46,0,55,83,37,3,0,6,329,104,0,100,0,9
9.88,0,81,49,54,12,0,2,372,131,1,53,1,11
9.81,4,52,74,77,5,0,3,346,63,1,81,1,5
7.75,0,57,67,100,3,1,6,407,50,2,67,1,7
9.43,0,70,39,83,7,2,3,275,66,1,66,1,6
9.05,0,71,40,60,6,1,3,162,19,1,53,1,5
5.41,0,70,67,74,7,2,2,53,51,0,67,1,2
4.55,1,69,51,41,1,0,2,276,236,0,79,1,11
5.74,4,41,70,58,8,1,6,309,59,0,81,0,12
8.9,0,64,47,61,2,0,1,89,96,2,66,1,8
9.89,1,67,82,47,2,3,0,131,175,0,85,1,7
8.26,0,39,88,90,6,0,8,164,40,0,62,1,6
7.85,3,83,61,55,0,0,3,60,115,1,35,0,10
4.54,0,80,78,64,5,0,4,216,68,0,50,1,7
9.22,0,75,28,79,2,0,2,320,45,1,85,1,6
6.19,5,41,46,62,9,0,1,204,27,4,59,0,11
7.66,0,64,45,46,3,0,2,146,11,0,40,1,12
7.59,0,50,52,37,3,1,4,95,207,3,64,1,4
5.06,2,55,50,83,7,0,1,96,2,2,75,0,7
5.22,3,78,89,40,3,0,2,390,27,0,76,0,9
8.46,2,52,64,73,10,3,4,63,138,0,60,1,4
9.15,0,50,53,42,9,1,0,109,122,0,63,1,8
6.86,2,57,61,88,1,0,5,61,39,0,23,1,2
5.91,1,61,87,61,1,0,4,293,160,0,33,1,5
7.4,0,40,82,57,9,0,3,18,101,0,66,1,11
6.89,2,71,76,87,4,0,4,92,124,1,49,0,11
7.21,1,98,45,64,2,1,4,159,39,0,72,0,8
5.65,2,83,44,78,3,3,9,101,37,0,82,0,8
9.52,1,77,69,68,2,0,4,168,183,1,57,1,4
6.22,0,59,83,80,5,1,2,23,16,0,50,0,7
6.3,0,67,37,31,4,0,6,1,51,1,76,1,10
4.51,0,51,60,91,3,0,2,62,181,4,84,1,5
6.2,0,46,47,95,4,0,4,86,156,0,95,0,10
9.11,1,71,64,57,2,2,4,441,163,0,75,0,7
8.22,4,100,75,76,0,0,4,557,70,0,57,1,10
6.51,1,80,100,28,1,1,3,72,11,0,60,0,9
9.02,2,79,58,67,2,1,9,171,218,1,78,0,12
5.77,2,70,14,73,1,0,3,125,90,0,70,1,2
8.09,4,61,71,52,4,0,2,294,40,0,73,1,5
8.07,0,49,71,49,3,0,5,276,13,0,70,0,12
7.81,1,85,40,43,6,1,3,158,153,3,56,1,11
6.24,1,77,60,49,5,3,2,120,109,0,62,1,11
8.59,0,57,93,65,4,0,9,108,16,1,67,1,8
8.13,0,76,90,50,3,0,9,379,35,0,58,0,6
6.28,0,89,53,57,7,0,8,240,40,0,57,1,2
7.51,0,86,63,73,1,2,7,61,146,0,71,1,12
7.25,3,76,88,96,6,1,0,216,78,0,71,1,11
5.71,2,93,78,53,9,0,6,125,83,0,34,1,3
8.81,3,31,38,50,6,0,3,89,91,1,68,0,11
7.72,2,86,58,55,2,0,0,62,179,0,64,1,5
6.22,1,79,100,19,1,0,1,106,1,0,65,0,9
7.11,0,75,13,58,1,0,2,88,105,1,72,0,8
9.93,3,53,72,78,11,0,10,265,140,0,67,1,5
7.35,4,84,24,66,2,0,6,71,165,0,47,0,9
7.17,0,57,88,59,10,0,1,164,18,0,86,0,9
7.15,1,52,67,41,5,0,5,397,155,1,80,0,6
9.53,0,61,56,76,4,1,3,281,85,0,46,1,11
7.05,0,78,89,49,4,0,3,303,50,0,54,0,9
9.62,3,73,64,47,1,2,5,360,50,0,68,0,12
7.57,0,41,50,54,2,0,4,160,39,1,73,1,6
4.89,0,56,69,54,4,1,8,38,39,0,69,1,2
6.51,0,86,77,67,7,2,9,196,153,0,78,1,3
5.79,0,93,58,45,0,2,7,250,25,0,75,1,7
9.78,2,86,65,88,6,1,4,255,34,1,57,1,9
8.53,0,57,83,55,5,0,7,19,20,0,59,1,7
9.7,0,53,88,61,0,1,7,30,79,0,51,0,12
6.35,0,62,50,62,8,1,7,263,19,0,57,0,9
7.32,3,61,49,35,6,2,8,59,35,1,96,1,8
7.55,3,81,38,68,0,1,1,419,43,0,40,1,11
8.43,0,100,97,78,2,0,2,64,120,1,49,1,3
7.6,1,63,80,75,7,0,6,53,117,0,74,1,10
7.98,2,95,72,56,0,0,0,151,85,0,100,0,6
9.62,4,52,41,82,8,1,2,175,21,0,55,1,6
7.96,0,55,94,54,0,1,9,326,119,0,84,1,3
7.63,5,70,61,71,8,0,8,196,6,3,57,1,7
8.36,1,69,51,58,6,0,4,119,33,0,66,1,10
6.5,1,63,56,47,2,1,6,141,163,0,98,0,9
6.51,2,78,17,49,2,1,4,362,311,5,73,1,7
8.9,4,82,14,82,0,1,1,69,17,0,65,1,8
7.77,1,45,64,54,8,1,7,65,35,0,49,1,4
7.28,5,47,74,66,8,0,3,395,44,1,16,1,12
9.45,0,68,54,72,4,1,6,91,51,0,51,0,6
8.11,1,71,69,32,4,0,3,98,122,1,83,1,12
5.97,4,62,68,86,10,2,5,180,147,2,71,0,10
9.04,0,42,47,35,6,0,2,32,81,0,51,1,1
9.16,3,88,100,31,4,0,0,292,101,3,83,1,5
5.71,1,94,70,51,8,2,2,177,90,0,75,0,10
9.92,2,83,56,46,1,0,5,138,30,0,70,1,12
9.81,0,63,73,66,3,0,0,239,79,0,42,1,9
8.11,0,83,68,36,1,0,3,303,111,5,59,1,3
6.81,0,51,73,65,3,0,5,133,60,0,46,1,4
4.54,1,41,42,57,2,0,2,138,131,0,93,0,11
8.92,0,73,74,92,3,0,1,186,90,0,50,1,7
6.12,1,72,24,63,1,0,1,72,68,1,64,1,11
7.7,0,49,56,49,3,0,2,312,126,0,100,1,4
9.16,0,82,40,61,0,0,2,25,55,0,65,0,11
7.74,4,66,40,49,7,1,2,50,156,2,48,1,11
4.74,1,43,62,95,4,0,3,55,9,0,64,0,6
6.19,1,76,64,75,4,2,1,219,47,0,69,0,12
5.09,1,52,84,80,8,0,4,165,102,0,61,1,8
7.26,0,73,39,69,2,1,2,88,38,1,75,0,10
8.15,0,57,58,33,3,1,1,207,75,0,27,1,7
6.67,1,59,54,79,1,0,7,33,33,0,63,0,7
8.79,0,44,48,92,7,0,1,99,66,1,100,0,7
7.94,0,35,96,67,2,0,0,73,51,3,42,1,8
5.42,0,33,84,97,2,1,5,54,95,0,73,1,10
8.14,3,76,100,90,4,1,0,226,83,0,53,1,8
4.82,1,72,97,38,3,1,2,62,1,1,54,0,9
5.06,0,51,40,48,1,0,0,98,156,0,80,0,9
7.31,0,64,38,85,5,0,9,257,245,1,57,0,6
6.8,0,39,53,37,5,1,2,51,60,1,54,0,11
9.77,2,79,65,76,5,0,4,249,78,0,71,0,11
9.64,0,75,50,45,0,1,7,172,64,0,59,1,11
5.85,0,60,18,45,1,2,3,161,133,4,57,1,12
7.03,0,60,74,50,2,0,3,266,234,1,45,0,6
6.33,0,63,92,56,0,0,0,117,28,1,15,1,10
4.89,0,18,47,49,3,1,1,36,86,0,83,0,6
8.8,1,100,66,92,3,0,7,43,164,0,51,1,3
5.22,0,100,67,67,5,0,2,270,35,0,61,0,8
4.97,0,77,54,67,3,3,4,11,71,0,41,0,6
4.92,3,67,57,33,3,0,1,209,99,2,93,1,2
4.79,0,34,51,100,6,1,3,119,68,0,45,0,12
7.37,0,81,92,76,4,0,0,31,157,1,56,1,8
9.99,2,37,50,60,1,1,8,197,10,0,36,1,1
4.64,0,92,12,70,8,0,1,128,130,0,48,1,1
9.01,0,33,58,57,9,0,5,110,4,1,64,0,11
7.99,3,50,50,88,5,0,0,108,144,0,42,1,8
7.02,0,63,44,55,3,0,10,205,40,0,61,1,10
6.15,0,52,100,91,3,0,4,199,92,2,7,1,3
6.02,0,41,79,44,7,2,1,102,24,0,83,0,12
6.15,0,70,38,85,4,0,1,167,55,0,75,0,12
7.27,0,56,69,93,3,1,3,71,3,2,58,1,9
9.78,0,94,31,44,3,1,8,11,88,0,80,0,9
4.96,1,48,85,74,4,0,8,118,57,1,56,1,12
4.85,5,63,59,59,7,0,6,199,117,1,80,1,7
7.53,0,67,33,60,1,2,0,70,68,4,76,1,3
5.91,0,75,98,38,6,0,3,38,65,0,80,0,6
9.96,0,67,88,78,1,0,5,188,114,1,62,0,11
8.65,0,94,71,59,6,1,4,135,2,0,56,1,11
9.54,0,70,81,84,4,2,9,78,156,1,40,1,9
9.73,5,86,56,67,6,1,4,214,34,1,76,1,11
5.31,1,76,29,70,3,0,6,46,186,0,100,0,7
8.25,0,53,77,72,2,0,2,0,88,0,70,1,4
7.54,0,60,71,66,2,1,3,100,78,0,66,1,2
7.53,2,83,66,69,0,1,0,251,84,0,70,1,10
7.12,0,53,60,76,1,3,4,143,128,2,59,1,8
8.3,1,40,68,55,3,0,3,48,58,1,62,1,11
5.88,1,87,31,55,5,0,5,404,81,0,59,1,4
8.91,1,63,56,53,7,0,5,112,156,0,24,0,12
9.5,2,76,93,91,2,0,7,284,121,2,79,0,10
9.46,5,75,64,60,0,0,5,112,137,0,59,1,2
9.58,0,59,59,68,4,2,3,342,31,0,64,0,8
7.21,2,27,41,71,2,0,5,190,125,2,50,0,11
5.57,0,70,36,37,3,0,0,95,118,0,63,0,6
7.74,0,54,50,57,5,0,3,97,253,0,88,0,12
7.79,1,62,69,73,6,2,1,107,80,1,53,1,5
4.76,0,68,59,82,5,0,0,16,180,0,58,1,7
5.23,3,49,40,28,5,1,9,348,7,3,59,1,9
7.26,0,93,67,91,3,1,2,259,72,0,52,1,2
6.47,2,70,83,48,3,0,3,211,71,0,56,0,6
9.78,1,89,59,59,10,0,8,149,22,0,50,1,12
7.9,2,98,67,58,4,0,3,219,119,1,81,1,10
8.51,1,56,52,70,4,1,2,18,90,0,60,1,4
9.42,2,59,50,44,1,0,2,77,164,0,82,0,6
7.72,5,93,47,100,2,0,1,183,31,0,73,0,12
9.02,0,80,81,31,2,3,8,163,129,0,65,1,2
8.71,0,90,53,75,7,0,6,69,170,1,37,1,10
5.21,0,61,60,48,0,3,4,272,210,0,58,0,12
6.29,0,62,33,51,11,2,2,89,110,0,61,1,9
7.87,2,39,58,79,9,0,4,18,26,1,83,0,6
8.23,1,49,46,70,2,0,6,92,171,1,70,1,10
9.2,4,60,50,63,4,0,1,150,137,0,67,1,3
9.12,0,91,77,91,9,1,9,452,171,0,81,1,8
6.04,0,65,76,39,2,1,5,218,135,1,52,1,5
7.26,0,37,26,15,5,0,2,102,78,1,100,1,8
5.55,2,87,56,61,3,1,1,0,114,0,87,1,10
6.64,0,59,65,70,6,1,0,200,121,0,81,1,5
6.75,1,41,45,41,6,0,4,100,57,2,59,1,12
6.79,0,61,93,100,9,0,6,223,86,0,56,1,1
4.86,0,51,78,57,7,1,5,42,142,0,91,0,8
5.53,1,54,76,69,4,0,6,165,120,2,55,1,3
9.72,0,58,64,81,3,0,3,88,7,1,21,0,10
5.46,1,45,93,42,8,0,2,232,124,0,74,0,12
8.24,2,68,61,62,2,1,9,188,62,0,68,0,6
6.44,0,88,83,58,6,0,7,41,144,0,76,1,7
7.28,0,100,76,91,1,1,1,128,51,2,48,0,11
4.56,2,41,67,56,4,1,2,121,82,0,84,1,7
7.42,0,54,73,76,3,1,0,613,105,3,22,1,5
9.06,0,85,41,89,1,0,1,3,100,1,67,0,11
5.43,3,85,63,100,1,1,2,103,53,0,57,0,7
7.88,2,35,72,28,0,0,5,38,96,0,32,1,3
9.91,0,100,34,51,7,0,2,257,27,3,64,1,2
6.17,4,66,41,59,2,1,5,238,10,0,40,1,3
4.92,0,61,83,100,6,0,0,261,224,0,71,0,9
6.67,0,74,46,86,10,2,0,269,92,0,87,1,11
6.2,0,48,45,27,2,1,6,138,105,0,54,0,11
8.58,0,81,48,70,9,0,1,127,44,1,93,1,9
9.23,1,76,65,79,5,0,3,552,99,2,86,0,12
9.1,1,38,29,57,6,1,3,48,4,1,68,1,5
5.47,1,48,65,62,1,1,7,136,11,5,81,1,12
9.52,0,58,56,62,3,1,1,313,321,0,70,1,9
5.54,0,55,59,41,0,1,0,243,11,1,61,1,8
7.8,0,74,37,51,2,0,10,179,114,0,55,1,10
5.97,0,52,42,62,1,0,1,219,52,0,65,0,11
5.76,0,67,21,70,0,0,5,90,248,0,47,0,6
5.77,4,55,95,100,8,1,3,186,55,1,84,1,1
6.11,0,76,81,67,3,0,1,205,93,3,76,1,7
9.14,0,53,77,66,3,0,2,278,114,0,68,1,10
5.84,1,75,66,86,1,0,6,359,8,2,35,0,7
7.87,1,58,78,44,3,0,3,329,165,0,100,0,7
9.13,0,48,54,57,1,0,8,187,3,1,44,0,12
6.36,0,56,61,47,4,0,7,282,80,0,72,0,10
7.68,0,55,62,65,5,1,3,289,45,2,60,0,7
8.24,3,89,46,71,0,1,2,91,10,0,52,0,8
5.82,0,39,84,83,8,0,2,42,141,2,50,0,10
6.95,0,82,84,69,8,0,3,49,45,0,50,0,9
5.18,0,53,52,51,7,0,8,252,29,0,65,1,9
5.07,0,100,74,64,3,0,3,134,64,3,97,1,10
7.44,3,71,19,45,6,0,6,211,43,2,52,0,12
6.71,0,34,26,54,7,1,1,130,219,0,85,0,10
4.72,1,62,88,61,3,0,3,30,19,0,65,0,10
6.32,1,50,29,56,1,1,2,38,14,0,33,0,8
4.63,0,49,43,51,10,2,4,65,41,2,82,1,7
7.79,1,89,50,66,0,0,5,274,64,0,14,1,12
8.88,2,61,53,85,0,1,6,75,142,0,49,0,11
8.03,1,58,52,67,5,1,1,46,99,0,67,1,6
7.12,2,61,90,70,3,0,0,221,118,0,96,0,6
9.12,0,60,11,58,0,1,3,39,95,0,39,0,8
6.74,0,77,80,71,5,1,3,177,28,0,65,0,6
6.97,3,48,63,64,8,1,3,274,37,3,77,1,5
6.96,0,62,12,63,8,0,6,101,21,0,55,0,10
6.64,3,77,56,29,5,1,4,90,58,0,66,0,11
8.34,0,38,34,63,1,1,8,204,180,0,67,0,6
9.15,0,81,77,49,1,0,3,144,2,0,23,1,6
6.85,0,40,68,78,0,1,0,231,102,3,32,1,1
6.84,0,67,46,44,0,0,6,145,0,0,58,1,12
9.18,0,60,76,48,2,1,2,203,109,0,74,0,9
9.79,0,100,59,48,3,1,0,163,59,0,69,1,1
4.68,2,86,69,77,5,0,2,91,106,0,69,1,4
6.4,0,64,76,86,3,1,1,0,96,0,57,1,9
9.83,0,53,59,53,4,0,5,81,33,0,51,0,12
7.1,1,69,38,61,1,0,7,12,4,0,55,1,1
9.2,0,52,82,79,5,1,6,201,16,0,59,1,1
5.72,0,93,48,34,4,0,2,163,20,1,96,1,8
6.69,0,68,54,47,2,0,3,354,113,1,53,1,10
6.36,0,87,100,59,1,0,1,196,240,1,66,0,11
7.09,5,32,90,58,4,0,4,112,48,0,77,0,12
8.76,2,69,61,66,1,0,3,91,12,0,75,0,7
5.91,0,85,80,49,6,0,7,22,57,0,49,1,3
8.48,4,39,65,82,2,0,4,44,19,2,62,1,2
7.55,1,86,75,65,2,0,1,88,154,0,82,0,6
6.61,4,65,81,89,3,0,0,241,63,3,65,1,2
8.18,0,59,92,37,2,0,8,303,137,3,63,1,8
5.09,4,100,58,86,4,0,6,287,118,0,52,1,10
6.44,0,48,50,93,2,1,5,139,138,2,17,1,7
7.69,1,100,82,62,0,2,5,342,65,1,90,0,7
6.73,1,72,32,71,7,1,1,65,23,4,61,1,2
8.29,0,36,73,75,3,1,2,254,100,2,33,1,12
5.34,1,83,47,55,6,0,0,3,70,0,53,1,3
5.72,1,48,48,100,2,0,5,159,169,1,42,0,8
7.74,5,85,41,100,9,2,1,310,32,1,95,1,5
5.52,1,60,82,66,5,1,3,88,28,0,43,1,8
8.57,1,89,14,58,4,0,6,60,90,0,98,1,7
4.98,1,53,59,59,7,0,1,103,162,0,57,0,12
8.35,0,55,48,66,6,0,0,298,29,0,41,0,11
8.72,0,45,33,96,0,0,3,283,111,1,48,1,10
4.58,1,55,48,74,5,0,1,103,58,3,87,1,11
6.8,5,69,63,72,3,0,2,240,115,2,67,1,3
6.63,0,79,74,66,4,0,2,150,76,0,54,1,4
6.81,1,72,75,65,2,1,2,124,46,0,79,0,9
5.59,1,67,69,60,7,1,1,55,71,0,54,1,2
6.67,0,87,39,55,2,1,9,328,130,2,78,1,2
6.3,1,75,86,100,6,1,0,117,9,0,96,0,9
9.59,3,50,71,75,3,0,3,449,205,0,78,1,6
8.43,2,78,68,69,5,1,6,65,105,1,62,0,7
4.55,0,68,56,64,4,0,4,70,58,0,62,0,11
5.28,2,60,91,39,2,0,5,325,116,0,89,1,4
9.21,2,75,64,60,0,0,4,270,69,0,44,1,5
5.64,0,74,57,65,2,0,0,139,20,0,73,0,6
6.0,0,88,63,22,2,1,4,29,17,0,66,1,9
6.08,0,65,76,90,0,0,4,217,100,0,29,1,5
9.31,0,82,45,62,0,0,0,422,14,0,79,0,9
7.01,0,69,77,85,3,1,3,45,60,0,67,1,1
7.19,1,58,41,58,4,1,1,292,71,1,54,1,9
6.54,0,48,70,73,1,1,0,182,123,0,53,1,9
7.5,0,66,45,59,4,3,6,106,101,0,68,0,7
7.54,2,60,72,45,1,1,6,7,19,0,67,1,1
6.59,1,77,68,79,6,1,1,160,52,0,97,0,6
5.98,0,45,75,55,0,1,2,51,246,0,64,0,6
5.14,3,41,48,41,7,1,6,21,122,0,77,0,9
8.81,0,72,74,52,9,0,8,6,1,0,74,1,8
7.44,2,76,39,61,5,2,5,119,118,0,63,1,8
5.16,3,100,68,60,0,0,3,9,258,0,90,0,11
5.83,1,72,60,36,2,0,2,71,105,1,54,1,8
9.84,0,76,55,68,0,0,6,94,149,2,64,1,12
8.59,0,59,61,89,6,0,1,1,128,1,47,0,7
7.62,0,49,69,79,0,0,0,158,164,0,62,1,7
7.56,0,53,63,24,2,2,1,88,127,0,74,1,12
6.99,0,63,67,71,3,0,3,195,171,5,48,0,10
5.59,0,72,0,32,2,3,2,38,39,0,72,1,1
7.73,1,70,94,60,0,0,4,271,1,1,55,1,3
6.07,0,62,17,62,5,1,0,96,79,0,84,0,7
8.92,0,36,51,45,0,1,4,147,11,0,100,0,10
4.87,0,68,37,48,1,3,3,293,24,0,53,1,8
8.26,0,42,51,60,3,1,8,1,147,1,97,1,11
7.34,3,97,76,65,0,1,7,226,61,0,51,0,10
7.86,3,66,25,75,2,1,3,2,3,0,73,1,12
9.59,0,80,99,47,6,0,1,246,3,0,74,1,6
8.93,0,89,74,83,6,0,0,248,119,2,51,0,8
7.98,0,27,61,47,7,0,6,6,56,0,26,1,3
4.8,1,70,100,96,6,0,4,71,104,0,73,0,8
8.02,1,55,74,34,6,1,0,174,211,0,100,0,9
6.68,5,74,77,55,3,0,4,17,105,0,60,1,11
6.82,2,71,65,36,6,1,6,44,250,1,82,1,11
9.76,0,64,53,57,11,3,1,202,129,0,57,1,6
9.74,0,43,70,39,8,0,1,195,82,0,53,1,10
7.51,0,84,28,74,3,0,0,50,115,0,79,1,8
9.77,1,83,56,41,1,1,3,73,52,3,81,0,11
5.36,3,64,18,69,2,1,7,91,66,0,69,0,10
8.15,0,68,67,83,9,0,0,426,44,0,52,1,11
9.56,2,47,59,61,3,0,6,278,175,0,74,0,7
4.89,0,89,68,27,10,0,5,158,48,0,24,0,10
8.57,0,93,32,33,2,2,0,343,39,4,48,0,12
8.09,2,89,71,53,5,1,9,2,93,2,53,1,3
9.13,5,55,68,37,4,1,1,215,41,4,70,1,2
5.35,0,36,36,16,4,0,5,187,27,0,64,0,6
6.66,0,68,92,54,2,0,8,129,87,0,51,1,5
8.09,3,18,60,82,10,0,0,128,80,0,71,1,2
6.71,1,64,45,74,3,1,4,256,28,1,41,1,5
6.52,1,90,18,100,8,0,1,153,120,3,78,0,11
9.11,0,89,84,58,1,1,4,33,140,0,83,0,12
6.43,1,31,68,63,2,0,3,377,85,1,82,0,8
4.79,0,55,88,66,4,1,6,427,11,0,100,1,1
5.83,2,93,80,77,4,0,1,60,39,1,52,1,2
5.85,2,64,68,83,3,0,3,96,7,0,76,0,6
6.58,0,46,40,71,6,2,10,96,144,0,30,1,12
8.55,0,52,72,76,1,0,9,90,36,0,58,0,7
9.12,0,44,53,76,6,1,6,123,116,4,73,1,1
6.58,4,66,74,74,0,0,0,85,27,0,72,1,11
5.69,0,72,88,76,0,1,4,400,57,0,49,0,8
8.78,4,58,98,50,5,1,0,160,17,0,66,1,4
4.98,2,61,36,53,8,0,2,302,126,0,47,0,10
6.84,0,91,47,68,3,2,1,125,29,0,91,0,8
8.16,1,90,56,45,5,0,3,161,157,3,90,1,7
8.03,4,98,36,58,4,0,3,51,176,0,49,0,6
8.3,1,29,47,65,4,0,3,46,74,1,48,0,10
6.35,0,92,9,51,1,2,8,94,83,0,71,0,9
7.56,2,81,55,49,8,0,5,115,132,1,81,1,11
5.68,3,24,47,77,7,2,7,88,65,0,50,0,11
9.94,0,78,40,69,2,1,2,30,81,0,70,1,8
9.77,2,71,63,52,2,1,3,367,147,0,90,1,10
7.42,1,75,54,75,9,1,3,96,54,0,49,1,11
8.96,2,82,78,81,3,2,6,387,24,1,79,1,3
9.73,1,53,59,58,3,1,6,161,75,3,80,1,9
6.5,1,80,69,69,8,0,0,155,171,1,41,1,11
7.35,0,40,74,22,2,0,6,257,64,3,42,1,9
5.37,0,100,61,62,2,0,4,213,32,0,84,1,7
8.81,0,66,51,20,2,2,1,14,36,0,44,1,7
5.51,4,66,53,55,10,1,4,359,245,3,64,1,9
8.06,1,92,71,50,5,1,4,124,59,0,37,1,6
9.75,0,47,70,60,2,0,2,56,47,0,58,1,2
8.21,1,74,36,17,4,0,2,401,178,2,48,1,7
4.93,2,70,82,78,6,1,2,101,133,1,44,1,9
6.45,0,46,55,55,3,0,4,22,140,1,53,1,5
8.43,3,68,100,96,2,2,0,148,1,0,34,1,7
6.05,0,58,71,39,12,0,7,116,63,0,69,1,3
8.11,0,87,76,59,7,1,3,272,184,2,65,1,9
9.12,4,62,56,74,6,0,0,323,13,2,53,1,10
4.72,2,62,38,70,6,0,7,48,88,0,48,0,9
9.68,0,77,67,71,4,3,1,20,125,0,53,1,8
6.67,0,44,26,42,8,0,3,230,79,0,100,1,5
6.33,1,68,64,59,11,1,2,68,32,2,72,0,12
6.48,0,54,55,68,2,0,1,118,5,1,83,1,5
4.94,1,45,69,72,2,0,5,370,123,1,57,1,1
4.9,0,38,23,84,4,0,9,42,62,2,63,1,12
4.6,0,59,14,36,0,3,4,87,151,4,67,0,9
8.47,0,59,86,52,3,0,3,86,52,0,95,0,12
8.51,0,50,43,71,0,1,3,167,25,0,44,1,6
6.12,5,78,55,36,4,1,5,158,107,0,47,0,11
9.46,3,42,76,40,1,0,0,94,209,0,83,0,8
7.27,0,80,84,84,2,1,3,44,56,1,76,1,8
8.94,0,39,73,66,2,3,0,274,34,0,57,0,12
5.59,1,100,35,93,5,0,1,369,51,0,72,0,10
9.45,1,27,53,91,5,0,4,88,9,0,73,1,4
6.06,4,49,37,98,8,0,0,64,177,0,85,0,8
4.51,0,54,30,83,12,0,3,75,35,0,85,1,6
6.5,2,42,83,63,0,0,4,157,167,5,60,1,2
8.61,0,39,95,49,4,0,6,227,1,0,44,1,1
6.54,1,90,63,53,2,2,3,126,38,0,60,1,7
7.4,1,67,61,85,9,0,4,251,30,2,60,0,8
7.21,0,38,63,68,1,0,2,211,162,0,89,1,12
5.48,0,92,37,46,5,0,3,220,120,2,69,1,2
6.66,0,84,54,69,1,0,3,81,110,1,78,1,6
6.32,0,67,75,64,1,1,8,15,111,0,40,1,11
9.71,0,58,34,70,1,0,9,62,103,0,100,1,5
4.9,0,83,60,42,0,0,2,281,206,1,56,0,9
7.23,0,65,32,79,10,1,3,21,122,0,51,1,4
8.95,0,51,79,61,1,0,0,311,53,0,22,1,8
7.39,0,100,95,48,10,0,1,67,64,0,70,1,7
5.6,1,84,51,76,8,0,3,117,145,1,59,1,12
8.54,0,100,20,80,6,0,1,65,294,0,65,1,9
5.67,0,49,77,66,2,0,1,161,91,0,49,1,7
6.43,0,69,46,73,0,3,6,84,130,0,44,0,8
5.11,0,42,75,57,4,1,8,191,3,3,50,0,12
5.48,0,48,70,53,9,0,5,224,68,4,92,1,2
4.94,0,84,64,68,8,0,5,143,52,0,60,1,9
5.47,0,65,43,48,4,0,7,301,140,2,80,0,6
6.8,0,54,48,93,9,1,8,233,47,0,36,1,2
9.39,0,74,62,68,1,0,3,342,66,0,69,0,7
6.76,4,25,68,50,6,0,6,116,269,0,53,1,7
7.46,0,82,74,73,0,0,5,231,109,1,80,1,2
8.06,0,69,57,64,1,1,1,205,56,0,100,1,1
5.52,0,41,56,77,3,0,0,208,5,2,97,0,8
8.97,1,100,43,83,9,0,4,290,220,0,66,1,5
5.85,0,67,46,47,8,0,1,134,45,0,82,1,5
5.87,0,60,74,63,6,0,2,0,124,0,60,1,2
5.47,1,91,25,50,0,1,0,63,65,0,72,0,8
9.66,3,45,63,37,3,1,3,176,64,0,55,1,3
9.96,3,53,53,72,0,1,6,431,16,0,49,0,11
6.95,5,80,73,83,5,0,5,314,80,0,82,1,11
8.88,0,96,35,53,5,0,1,86,91,1,83,1,8
6.45,2,73,51,48,1,1,7,253,21,0,50,1,5
8.43,1,56,60,53,2,1,1,48,208,0,94,1,1
5.33,1,61,29,57,5,0,9,148,170,1,75,1,11
6.88,0,100,78,83,1,1,4,184,29,2,39,0,12
7.09,2,66,51,42,8,0,2,3,114,1,49,1,6
9.01,1,54,79,77,5,1,6,91,87,0,63,0,7
8.22,2,17,28,89,2,0,2,188,83,0,97,0,6
6.19,0,36,100,37,0,2,7,93,47,0,82,1,6
6.79,4,67,65,86,4,0,6,148,37,0,52,0,8
6.66,2,64,59,34,2,1,3,66,3,1,59,0,7
6.19,4,60,47,58,1,0,3,106,207,0,83,1,1
5.57,0,73,91,37,6,0,10,149,20,0,55,0,7
4.89,0,73,85,39,7,2,1,242,64,2,49,0,6
5.66,0,54,65,47,5,0,7,156,181,0,57,0,12
8.4,0,86,80,50,2,1,3,394,136,1,67,1,7
9.77,4,76,47,34,9,1,2,71,103,0,92,1,4
7.8,1,53,61,66,2,1,5,181,57,0,74,0,9
7.67,0,56,83,78,11,1,4,56,139,0,60,1,10
6.45,2,82,53,74,5,0,6,105,51,0,32,0,10
6.75,0,50,45,76,6,2,6,167,125,1,77,1,7
7.57,0,55,14,48,8,0,5,66,24,0,37,1,8
5.93,0,43,65,78,3,3,2,264,90,1,54,0,12
6.43,0,78,46,60,10,3,10,128,140,2,74,1,3
5.17,0,51,77,79,6,0,3,179,19,1,83,1,7
7.86,2,85,47,99,0,0,1,53,70,1,68,1,8
9.73,4,86,35,70,4,0,1,147,126,0,74,0,12
8.68,0,78,90,45,3,0,3,423,24,1,52,1,4
9.5,1,67,39,83,3,0,2,116,171,4,50,1,10
6.92,0,51,36,77,9,0,3,46,34,0,70,1,5
9.84,0,48,73,87,4,0,1,41,167,1,71,0,9
7.45,0,74,56,68,6,3,2,55,88,0,80,0,9
6.54,0,55,52,87,3,0,0,108,113,0,46,1,11
9.0,3,86,65,89,4,1,8,173,111,0,62,1,5
8.55,3,62,14,72,9,0,5,141,117,0,58,1,2
6.7,1,68,42,82,0,1,7,260,68,1,76,1,1
9.72,1,64,59,43,2,1,5,92,115,0,69,1,7
5.25,4,84,85,43,1,0,5,52,204,3,72,0,12
4.8,4,57,44,99,9,1,3,32,107,1,42,1,5
5.45,2,68,53,39,1,0,3,77,79,0,52,1,7
5.2,4,38,30,54,6,3,2,50,74,1,76,0,9
6.31,1,10,59,71,2,1,0,116,0,1,66,1,10
5.36,1,100,50,69,0,2,5,300,148,0,76,1,2
4.96,0,73,63,79,2,1,0,31,65,1,78,1,4
9.58,0,46,98,66,8,1,1,137,100,1,57,1,8
5.09,0,59,33,53,6,0,3,29,119,0,71,0,11
5.94,0,51,66,36,5,0,2,258,56,0,74,1,12
5.72,0,47,85,43,3,0,6,183,73,2,92,1,7
8.67,0,35,58,50,7,1,1,267,104,1,47,0,7
7.76,1,59,91,60,6,1,2,271,163,0,88,1,6
6.47,0,67,56,61,1,1,5,32,43,3,61,0,11
8.07,0,86,100,66,7,1,8,90,66,0,44,1,7
8.93,3,84,83,61,0,0,4,456,53,0,49,0,8
7.09,0,68,83,15,6,0,7,169,169,0,72,0,11
5.3,0,47,29,77,1,3,7,93,201,4,52,0,6
7.11,3,68,50,46,3,1,2,135,260,0,43,1,7
6.44,2,47,89,65,4,1,5,128,37,0,55,0,9
9.3,1,74,60,39,1,0,3,166,35,2,71,1,4
6.22,0,53,79,82,1,1,3,333,88,0,62,1,12
5.64,2,54,50,38,3,3,10,95,86,1,65,0,6
6.1,1,57,50,41,4,0,1,60,12,2,69,0,7
8.49,0,84,90,66,4,1,5,303,6,0,53,1,11
5.5,0,86,100,39,2,0,2,13,59,0,58,1,1
7.45,0,61,57,71,2,0,5,58,143,0,79,1,10
9.27,0,32,59,71,0,0,3,161,101,0,65,0,7
6.32,1,64,85,73,3,1,2,33,20,0,64,0,12
9.34,4,73,70,45,4,1,3,91,91,1,78,1,12
4.8,1,93,73,28,7,1,2,220,65,1,48,1,3
5.84,2,52,32,48,1,1,5,116,151,1,29,0,6
4.58,2,82,39,60,7,0,3,106,10,0,72,0,10
8.43,0,80,100,82,1,1,4,84,16,0,100,1,2
8.57,0,43,57,74,4,0,4,381,236,1,55,1,10
6.51,1,81,69,83,6,1,8,278,45,1,63,1,4
10.0,0,80,60,58,2,0,5,47,62,5,64,1,10
9.29,0,47,25,25,2,2,0,7,94,0,80,0,8
5.89,0,57,99,63,8,0,3,150,147,1,76,1,7
5.36,1,62,51,44,10,0,0,49,43,0,51,1,4
5.48,0,60,63,47,2,0,7,207,52,3,79,0,7
7.64,0,83,73,73,11,0,5,316,109,0,100,1,12
8.5,2,53,81,55,3,1,8,212,54,1,95,0,7
6.43,3,86,24,54,3,0,1,316,124,0,78,0,11
4.81,0,58,58,76,4,0,1,56,110,0,75,0,8
5.46,2,52,31,22,1,1,6,328,46,0,45,1,2
7.69,4,87,72,86,9,0,0,285,151,0,67,1,7
7.2,3,39,34,60,6,0,1,543,114,0,27,1,7
7.43,0,42,41,56,8,0,1,84,99,0,49,0,11
9.54,0,1,88,53,3,0,5,299,65,0,53,0,6
6.13,0,100,57,46,0,0,1,100,145,0,56,1,1
9.07,0,63,42,75,0,0,1,21,29,0,71,1,9
6.54,3,74,41,65,7,3,1,24,174,3,26,1,9
6.5,3,42,70,41,8,0,8,230,92,1,55,1,5
6.34,1,88,74,39,0,0,4,170,166,1,49,1,1
9.57,0,65,78,71,3,0,0,3,114,0,59,1,5
8.04,0,45,29,84,4,0,3,190,63,1,62,1,7
9.79,1,38,51,56,0,0,1,112,32,1,76,1,2
5.8,0,53,68,75,1,0,7,29,43,0,68,1,4
9.45,4,83,79,44,2,0,2,207,178,0,77,1,4
4.75,0,59,69,66,1,0,2,102,11,0,36,0,11
5.93,1,57,11,80,0,1,2,21,67,0,53,0,9
5.9,0,80,49,21,5,1,4,167,132,0,53,0,8
5.55,5,65,79,36,0,1,3,164,33,2,55,1,5
6.28,0,100,52,50,7,0,2,14,128,0,87,0,10
5.67,5,61,53,48,5,0,1,176,86,2,60,1,4
6.92,0,71,57,76,2,0,0,158,99,0,49,1,9
6.69,0,99,56,42,5,0,2,145,53,0,39,1,7
7.81,1,100,36,47,2,0,2,159,8,0,65,0,6
9.9,1,35,97,77,0,3,0,128,38,0,48,0,9
6.96,1,77,71,59,3,0,8,255,73,4,57,0,12
7.68,0,76,73,90,2,0,4,179,40,0,80,1,1
5.49,0,77,47,33,3,0,2,160,123,2,45,0,12
8.31,1,29,84,66,9,1,1,354,128,0,83,1,9
8.67,5,65,38,63,8,1,7,24,55,2,50,1,6
9.61,3,57,61,63,8,0,5,361,92,4,53,1,8
9.5,0,42,61,76,2,0,1,1,36,1,47,0,8
8.62,2,81,47,68,0,1,0,343,61,0,39,0,8
7.43,0,73,48,87,5,0,1,107,130,1,59,0,10
7.57,0,72,61,62,7,0,1,260,119,1,79,1,9
5.17,1,69,73,43,2,1,7,115,229,0,67,0,9
5.37,5,94,44,64,1,0,1,232,104,2,77,0,8
6.82,0,78,63,81,7,1,7,37,34,0,72,0,6
6.5,1,85,30,81,7,0,8,41,3,2,88,1,7
5.95,0,66,73,48,8,0,4,231,139,0,54,1,3
9.22,4,89,51,97,4,0,4,37,3,0,74,0,6
8.53,0,75,74,63,3,3,3,135,53,0,32,1,8
7.43,0,88,83,53,2,0,0,8,66,3,57,1,11
7.44,1,54,54,26,2,1,7,301,51,0,51,1,1
7.91,1,81,41,73,7,2,0,95,38,0,69,0,8
9.38,0,70,73,79,7,0,3,78,104,0,75,1,11
4.81,5,54,64,53,3,0,0,460,38,0,66,0,7
9.07,0,59,67,20,0,0,4,109,69,4,94,0,6
8.33,5,57,50,55,3,0,8,187,129,0,52,1,2
6.85,0,66,55,31,5,2,1,36,68,0,34,1,8
4.97,2,57,64,55,5,1,0,59,82,0,73,1,7
9.11,0,77,62,43,6,0,1,252,55,0,62,0,6
8.44,4,52,88,73,2,0,6,161,77,0,65,1,7
7.97,1,70,69,57,3,0,1,154,25,1,71,0,11
7.09,2,76,45,30,4,0,5,361,147,0,89,1,3
5.95,0,97,89,58,1,0,6,108,7,3,37,1,2
5.31,0,80,78,75,6,1,6,167,125,5,72,0,9
8.3,1,72,40,74,2,0,7,199,104,0,66,1,6
9.17,0,73,75,46,1,1,7,55,64,5,100,1,6
5.99,0,62,27,66,8,1,7,232,126,4,74,1,12
4.87,0,59,26,36,0,0,1,43,36,0,72,1,10
9.93,4,84,85,76,1,0,8,203,8,0,81,1,10
6.95,0,89,69,66,3,1,5,177,78,0,73,1,7
8.34,3,34,63,38,0,1,6,299,39,0,40,0,12
5.92,1,52,49,55,7,0,0,165,71,0,76,1,6
7.18,0,54,68,61,0,0,1,42,11,0,59,1,5
8.38,0,67,61,67,8,0,0,0,115,0,65,0,12
8.61,0,67,48,30,6,0,3,316,150,4,78,1,4
6.37,0,66,52,46,3,0,0,118,18,0,81,1,6
6.52,1,53,74,40,0,0,1,15,12,0,72,0,7
5.79,0,95,76,50,2,2,2,344,18,1,78,1,1
7.17,0,62,56,43,4,2,7,216,17,0,33,1,4
9.85,2,54,55,38,3,2,4,61,115,1,36,0,12
5.86,4,71,63,20,0,1,0,213,62,1,64,1,9
7.72,0,47,36,61,8,1,9,41,40,0,96,1,5
7.57,2,79,44,84,6,0,4,13,223,0,67,1,7
5.84,1,77,75,38,3,1,1,470,42,0,50,0,10
8.76,3,84,55,66,0,1,0,5,85,0,75,1,9
9.09,0,60,65,63,0,1,2,283,197,1,40,1,9
6.9,3,71,39,64,0,1,2,262,157,0,90,1,6
7.74,3,73,50,86,5,1,8,43,187,1,61,1,3
8.1,0,45,88,59,2,1,7,209,60,1,48,1,7
4.73,0,45,31,65,2,0,0,60,82,0,68,0,8
9.27,2,59,65,60,11,0,3,35,54,1,68,1,2
7.33,0,65,73,96,9,1,2,162,100,0,78,1,4
7.64,0,33,67,100,5,1,2,271,73,4,92,1,5
9.01,1,78,64,53,2,1,0,62,119,0,51,0,8
8.32,2,75,94,92,8,0,8,225,184,2,45,1,5
8.41,4,41,80,76,5,0,0,142,55,1,61,0,12
8.08,4,100,93,64,7,0,5,35,149,5,83,1,4
8.68,1,74,46,95,3,0,2,20,35,0,55,1,1
8.43,0,30,33,69,2,1,1,217,6,1,92,0,11
9.25,0,67,33,81,4,0,2,60,224,1,64,1,3
9.91,0,50,64,47,5,1,2,55,167,0,65,1,9
6.43,0,72,56,38,0,0,5,197,1,0,90,0,10
6.28,4,83,48,25,2,3,4,159,132,1,43,1,3
9.0,0,94,24,74,4,1,7,122,115,0,77,1,12
7.86,0,66,83,63,5,0,4,279,9,0,51,0,10
6.79,0,64,65,16,1,2,1,3,67,0,62,1,7
5.78,0,53,59,29,2,0,0,6,198,3,61,1,9
9.78,0,87,46,22,2,0,7,334,163,0,93,1,5
7.82,1,64,65,51,5,0,9,361,52,0,56,0,11
6.74,1,95,34,68,0,0,8,378,90,0,75,0,6
4.58,0,61,49,80,9,1,4,231,136,0,68,0,8
7.07,0,50,96,75,8,0,5,108,214,0,80,0,8
5.22,2,61,27,57,4,0,7,66,121,0,53,1,9
6.41,0,34,75,75,7,0,6,185,60,0,94,1,12
6.8,0,48,66,45,2,1,0,257,140,0,85,1,12
6.46,0,61,38,24,3,2,0,271,202,0,19,1,9
6.53,0,85,59,54,4,0,2,110,125,0,60,0,7
5.9,1,48,76,83,1,2,2,165,6,5,62,1,3
8.02,0,69,80,70,3,0,3,323,42,3,36,1,6
9.68,2,56,59,47,11,1,0,20,103,0,61,0,11
8.21,0,53,26,60,3,0,0,170,183,3,47,0,12
5.2,0,68,56,76,0,0,1,273,43,0,80,1,7
7.95,2,61,79,73,5,1,1,187,118,4,69,1,8
5.14,3,84,51,59,11,0,2,93,28,2,75,0,12
5.7,0,56,60,62,3,2,2,229,32,1,64,0,12
4.67,0,89,66,77,5,0,7,255,81,0,65,1,10
7.02,0,85,36,84,10,2,4,190,49,0,70,1,12
7.39,0,58,74,52,1,1,2,82,59,2,41,1,1
6.89,0,61,54,78,0,1,6,154,20,0,83,1,2
8.21,0,71,36,63,3,1,4,135,21,1,71,1,2
9.98,3,58,56,46,8,0,7,120,23,0,67,1,12
7.54,1,52,62,39,11,1,4,182,242,1,39,1,7
9.46,0,77,57,62,9,0,1,63,67,0,89,1,3
9.14,0,82,54,73,3,0,0,92,78,1,80,1,8
7.26,0,70,39,89,1,1,0,282,128,0,100,1,6
5.9,1,45,40,100,2,2,6,61,180,0,87,1,5
6.21,1,67,26,34,0,0,2,46,152,2,69,0,8
5.73,0,66,42,62,6,0,8,138,59,0,93,1,1
9.27,3,68,62,96,2,3,1,79,24,1,46,1,2
8.18,1,52,11,92,5,0,4,32,61,0,54,1,5
5.31,5,84,30,68,3,1,3,22,92,2,84,1,4
8.29,0,86,19,70,3,3,3,246,18,0,84,1,10
9.44,5,56,55,75,2,2,3,134,199,0,72,1,9
8.8,3,100,61,80,3,0,1,85,125,1,37,1,1
6.85,4,73,65,59,6,2,1,50,157,0,70,0,11
8.47,0,53,37,54,1,0,2,39,64,0,64,1,2
6.75,5,66,48,46,2,0,10,71,96,0,65,1,3
8.37,1,100,36,73,2,0,0,0,109,0,74,1,5
8.73,0,93,54,39,0,0,3,194,73,0,77,0,6
4.51,0,39,62,75,3,1,7,470,75,0,98,1,12
8.4,0,82,63,44,0,1,5,317,5,0,53,0,11
8.67,0,54,44,71,1,0,9,48,9,2,51,0,11
9.16,4,62,59,86,4,2,5,139,234,0,56,1,9
9.05,0,100,77,49,5,0,5,118,374,1,68,1,11
6.93,1,48,72,57,1,1,3,61,7,0,72,0,10
9.77,0,46,42,60,5,1,2,212,71,1,77,1,10
8.32,1,52,33,100,4,1,9,274,117,0,87,1,8
7.44,3,66,61,78,3,0,4,144,10,1,72,0,9
4.94,0,79,63,50,10,1,0,89,11,0,58,1,2
4.63,5,75,50,70,0,0,0,254,193,0,89,1,8
6.34,0,37,35,30,4,1,1,101,21,1,50,0,7
5.77,1,71,92,74,10,0,5,244,254,3,84,1,12
9.86,0,68,39,78,5,0,5,235,95,0,89,1,8
8.4,2,51,53,62,7,0,0,68,164,0,71,1,11
6.54,0,73,45,72,6,2,0,165,139,1,52,1,1
8.66,0,55,31,72,5,0,0,32,13,0,41,0,7
8.27,0,50,50,83,4,0,2,223,131,1,70,1,12
4.98,1,80,58,30,8,1,3,269,100,2,68,0,10
5.77,1,52,53,62,2,0,8,265,142,1,68,1,3
5.0,0,84,13,58,4,0,6,34,52,2,31,0,7
8.5,0,86,54,53,2,0,2,43,175,3,30,1,12
8.22,3,60,35,66,2,1,5,144,141,0,36,0,10
6.85,4,68,65,73,3,1,2,369,59,0,59,0,8
8.86,0,76,79,40,3,0,3,90,257,2,100,1,11
8.85,0,89,46,36,5,0,5,92,3,0,47,1,9
6.75,2,88,50,69,4,1,2,47,130,0,86,0,11
7.54,0,41,50,70,8,0,0,117,167,0,90,1,10
6.77,1,69,53,77,7,0,0,184,56,0,68,1,10
7.54,1,69,72,21,6,0,1,16,49,0,42,1,4
7.98,0,52,100,74,10,0,0,106,183,0,87,1,3
7.58,0,57,66,63,2,3,4,127,4,0,95,1,7
5.46,0,50,53,40,4,2,0,302,0,2,50,0,6
5.39,1,55,98,51,0,1,4,158,18,0,49,1,1
6.88,1,66,64,24,1,2,4,91,44,0,59,0,8
6.75,0,66,25,73,3,1,1,192,254,0,38,1,4
5.46,3,99,58,68,7,1,1,40,151,0,82,0,11
8.4,1,33,100,49,8,1,0,143,16,3,58,0,6
7.87,0,27,88,70,3,0,8,185,132,2,56,1,4
9.37,2,75,73,62,3,1,0,129,49,1,86,1,12
8.4,0,85,100,49,4,0,0,247,50,2,88,1,12
8.25,0,73,88,55,6,1,2,285,6,1,73,1,8
6.37,0,87,69,35,11,0,5,77,63,0,51,1,10
8.87,0,86,83,75,4,1,5,17,115,3,62,1,4
4.56,0,65,60,47,2,1,6,59,81,1,100,0,9
7.37,1,93,58,63,5,0,6,315,129,1,80,1,5
5.51,0,75,50,64,3,0,3,85,82,0,36,0,12
9.73,1,75,71,85,0,1,1,108,171,0,40,1,6
5.6,2,52,44,93,3,0,2,318,154,0,100,0,11
6.11,1,56,100,82,3,3,0,22,35,0,70,1,8
5.91,0,55,100,66,4,1,2,52,127,0,82,1,1
7.59,5,65,21,100,2,0,1,43,76,0,66,0,12
5.55,2,63,73,85,0,1,5,250,134,0,72,0,7
5.71,1,15,68,62,3,1,4,239,67,0,65,1,3
7.3,1,70,64,34,1,0,8,216,37,0,33,1,4
8.75,0,48,55,56,4,0,0,91,86,1,84,1,12
5.43,0,51,91,37,1,0,6,165,33,0,29,0,8
5.39,1,44,82,57,9,3,9,48,89,2,55,0,6
6.48,0,69,43,5,4,0,8,359,103,0,59,1,3
7.52,0,69,26,44,0,2,0,113,47,1,57,0,9
5.22,0,61,79,87,1,0,6,169,164,0,73,0,9
9.51,0,52,78,54,5,1,5,110,62,0,35,1,5
7.67,0,44,27,49,5,0,3,319,34,2,88,0,9
4.87,0,47,80,75,3,1,2,113,28,1,60,1,11
4.7,1,66,35,58,1,1,6,6,25,0,41,0,7
6.52,5,65,62,65,5,1,0,199,37,1,68,1,1
7.75,0,70,42,67,0,1,0,43,34,1,43,0,12
8.84,4,61,71,71,3,1,0,125,28,0,54,1,5
7.03,0,79,97,65,8,2,4,350,77,0,82,1,7
9.46,0,79,74,72,3,0,7,301,182,4,56,1,3
6.64,0,59,68,32,1,1,6,27,97,2,58,0,9
6.42,1,73,26,60,6,0,7,241,46,3,57,0,8
9.36,4,54,64,60,7,1,0,152,25,0,62,1,10
4.71,5,67,100,41,4,0,1,72,29,2,66,1,2
5.9,1,72,38,58,1,0,9,257,55,0,46,1,8
9.0,4,38,40,64,8,3,3,71,132,0,74,0,12
5.83,3,70,59,59,3,1,2,169,42,0,64,1,11
9.88,0,61,59,57,4,0,0,84,16,0,65,1,5
6.37,0,81,38,60,3,1,7,137,14,1,72,0,11
5.67,1,100,99,60,5,1,3,92,37,3,51,1,5
4.53,0,26,62,90,0,2,2,255,37,1,73,1,4
6.15,0,77,91,26,2,0,1,55,9,0,75,0,9
9.17,0,74,21,83,4,0,7,214,145,2,66,0,6
6.3,0,91,38,65,2,1,0,84,61,3,68,0,10
7.81,2,75,11,72,0,1,1,371,208,0,44,1,9
8.4,1,84,96,52,11,0,4,15,77,0,65,1,5
8.41,0,67,63,92,2,1,3,179,172,0,85,0,6
6.64,0,58,66,55,6,0,5,17,43,3,32,1,1
7.16,1,79,51,52,8,3,6,158,107,0,60,1,7
8.97,1,85,58,68,0,1,5,141,73,1,78,1,9
7.45,0,90,48,79,12,2,8,175,181,0,93,1,1
6.39,0,49,63,98,9,1,3,155,18,0,91,0,12
9.96,0,18,70,56,4,1,7,22,92,0,62,1,5
9.54,0,70,74,84,2,1,0,81,246,1,54,0,9
4.71,1,96,41,71,4,1,3,93,10,1,71,0,7
5.87,0,72,64,59,6,3,0,144,31,1,64,0,6
6.6,1,100,52,57,5,1,4,127,122,0,39,0,6
9.79,0,68,58,29,3,2,6,202,10,0,79,1,12
6.06,2,67,100,100,0,0,1,422,85,1,79,0,9
4.74,5,67,54,31,5,3,0,249,34,0,62,1,9
6.14,0,73,35,60,4,1,0,19,134,2,71,1,4
5.26,1,55,23,78,0,3,4,209,6,2,80,0,6
7.64,0,45,81,63,8,0,2,343,64,0,77,1,1
9.38,0,67,69,42,2,1,5,59,167,4,64,0,10
8.62,1,65,83,48,5,1,7,123,13,1,67,0,6
7.33,1,93,82,79,4,0,3,97,67,1,58,0,12
7.41,0,82,33,64,7,1,6,175,195,0,65,0,11
4.91,0,81,53,20,1,1,6,61,84,0,37,0,6
8.63,4,56,64,65,10,0,7,92,166,0,66,1,4
7.18,2,57,61,85,6,1,3,214,75,1,80,0,7
7.2,1,65,15,60,0,0,0,215,58,5,78,0,10
8.29,2,73,68,39,1,1,3,285,11,1,42,0,6
4.77,4,95,29,52,2,0,4,179,128,1,44,0,12
4.89,0,63,59,96,5,0,2,308,83,0,88,0,8
8.32,0,52,66,76,3,0,7,182,102,0,36,1,12
5.46,0,68,33,20,0,0,2,225,19,2,60,0,11
8.96,1,89,100,54,7,0,4,85,98,1,72,1,2
6.46,0,59,84,84,6,2,9,99,62,4,71,1,9
5.23,0,64,82,67,2,2,0,165,150,1,70,0,11
5.05,0,66,68,14,7,0,3,37,141,0,100,0,9
6.83,0,59,76,57,0,0,9,374,136,2,34,0,10
8.32,0,83,70,78,0,0,4,32,84,4,65,1,9
5.11,0,59,54,80,3,1,1,34,68,0,24,1,9
9.05,1,100,80,75,3,1,0,52,223,0,71,0,9
8.0,4,80,44,36,4,1,2,387,20,1,100,1,11
5.05,3,59,32,56,3,0,0,166,42,0,62,0,11
8.57,1,69,46,64,12,0,0,222,110,0,99,1,5
8.38,0,23,32,86,3,0,2,25,81,0,42,0,10
4.64,0,67,39,52,7,0,2,317,146,3,71,1,2
5.51,2,63,71,70,2,0,6,96,6,1,68,0,9
9.7,0,63,50,67,10,1,1,155,179,1,67,1,1
9.05,0,77,26,44,7,1,5,18,12,0,78,1,7
9.63,2,60,39,95,5,1,1,381,47,0,22,0,11
8.5,1,65,58,82,5,0,4,134,79,0,50,1,3
5.97,0,71,43,58,3,0,4,350,15,0,67,0,10
5.17,2,86,47,50,0,1,8,262,58,1,83,0,11
5.02,2,49,49,38,1,0,2,107,153,0,31,0,10
5.4,1,53,55,41,3,0,5,140,35,0,80,0,7
6.81,5,60,55,73,10,0,0,172,96,0,34,0,11
6.69,1,74,51,77,9,1,9,53,31,0,51,0,9
8.55,0,90,71,81,0,0,8,78,117,1,48,1,1
9.96,3,66,39,54,1,1,5,338,13,4,61,1,5
4.97,3,77,66,82,5,0,3,98,70,0,84,1,8
9.25,5,85,56,83,2,0,1,21,65,4,77,0,9
8.6,1,78,49,79,6,1,6,1,44,1,58,1,4
8.99,0,56,58,35,6,0,6,14,63,1,88,1,12
6.91,1,70,67,66,0,0,6,160,30,3,66,1,12
7.72,1,98,66,40,3,0,6,69,144,1,82,1,10
7.19,2,85,99,62,8,1,2,452,122,0,70,1,11
8.05,1,51,42,58,0,0,1,91,13,0,96,0,7
5.48,0,83,66,59,0,0,6,166,200,1,51,1,1
9.43,0,87,67,84,1,1,8,203,148,0,75,1,3
7.34,1,55,51,66,1,0,1,118,67,3,76,1,12
5.55,0,51,49,49,3,0,7,257,38,1,73,1,3
4.91,0,58,58,66,6,1,6,457,92,0,63,0,9
7.9,0,98,57,61,1,0,5,111,142,1,66,1,6
7.52,1,52,48,42,0,0,0,81,100,0,78,1,10
4.51,1,66,88,38,6,0,7,123,109,0,47,0,11
9.72,1,82,32,56,3,1,8,209,23,0,59,1,4
5.16,0,81,54,57,2,1,0,4,18,0,73,0,7
5.82,0,67,70,63,2,0,7,146,154,0,50,1,3
8.34,0,49,93,75,6,0,2,135,98,0,62,1,10
4.91,2,49,81,58,9,0,1,101,133,0,79,0,6
6.77,1,66,69,74,5,1,5,139,95,1,72,1,4
7.11,0,80,71,95,3,0,4,212,26,0,69,1,2
7.88,2,100,59,45,2,0,0,211,27,0,56,1,11
9.1,0,53,68,55,7,3,5,345,43,0,100,1,2
6.34,1,57,68,50,7,1,1,35,157,1,48,1,12
7.55,0,56,67,63,4,0,3,171,156,0,52,1,11
6.11,0,65,53,30,1,0,4,246,122,0,86,0,10
8.13,1,74,89,56,2,1,1,295,130,0,48,1,9
8.64,0,71,27,48,5,0,3,27,95,0,93,1,9
8.97,0,46,64,90,1,0,0,67,146,0,38,0,8
8.09,2,94,43,61,5,0,7,328,50,0,34,1,8
6.15,0,72,60,92,8,1,2,54,177,0,40,1,4
4.62,0,77,48,51,3,1,3,102,138,0,35,0,12
9.39,1,58,51,76,4,0,1,34,50,0,51,1,7
7.88,0,63,66,58,0,0,1,115,7,0,71,1,6
8.62,0,75,48,62,4,0,5,10,154,0,57,1,10
6.89,0,64,66,57,1,0,3,119,22,0,42,1,7
5.68,1,62,64,100,4,2,0,297,52,0,43,0,10
5.77,1,69,42,71,2,1,5,249,26,1,82,1,7
8.71,0,80,39,3,5,0,0,23,17,0,67,1,6
4.63,1,75,60,79,3,1,2,75,8,0,51,0,11
4.59,3,70,100,66,6,1,3,71,221,2,76,0,9
8.19,2,79,17,100,6,1,5,203,19,0,52,1,5
6.77,1,56,40,57,3,3,5,21,17,0,73,0,10
4.51,0,49,54,39,5,0,3,97,112,0,62,0,12
7.74,2,60,65,66,7,0,0,255,23,2,71,0,7
9.51,0,92,66,80,5,1,2,65,84,1,51,0,11
6.54,5,100,96,47,3,0,5,281,5,0,37,0,10
7.87,2,80,54,55,2,1,2,77,88,0,87,0,9
5.37,0,73,81,67,2,0,0,347,51,1,79,1,5
9.13,1,40,45,72,0,2,8,51,63,0,80,1,2
7.35,1,47,26,47,4,1,7,66,95,0,57,0,8
9.52,3,32,80,30,3,0,5,89,133,0,81,0,12
7.89,0,54,55,62,3,0,4,59,173,1,66,0,9
8.11,0,87,34,87,7,0,7,50,44,3,65,1,12
8.68,3,64,72,97,2,2,2,40,24,0,89,1,1
9.32,2,31,59,49,7,0,4,202,46,0,58,1,9
4.74,0,96,61,59,4,1,0,257,17,0,62,1,9
7.85,2,44,65,61,2,1,5,189,41,1,74,1,7
9.14,0,36,44,77,4,0,5,24,176,0,39,0,7
9.96,2,58,58,45,2,0,0,186,70,4,91,1,7
6.08,1,61,77,78,9,0,2,290,156,0,46,0,12
4.92,3,68,49,21,5,1,1,190,0,0,75,0,8
9.75,0,52,68,57,0,1,3,219,86,0,72,1,2
4.94,3,83,65,48,1,2,5,227,33,4,66,0,8
8.86,0,53,26,51,7,0,1,79,157,0,68,0,6
6.71,0,78,91,58,0,0,2,131,87,1,93,1,8
4.83,0,39,49,86,0,0,4,254,117,1,100,0,10
8.89,3,62,59,64,4,0,1,97,245,0,83,1,5
6.07,1,77,51,54,0,1,5,313,76,1,97,0,7
9.58,3,66,43,64,3,0,0,20,194,0,72,1,2
9.49,2,58,49,54,2,0,3,288,69,2,72,0,9
8.71,0,50,20,55,0,1,2,322,91,0,79,1,3
6.89,0,69,70,90,7,1,8,80,16,0,67,1,11
8.83,2,62,59,46,2,1,6,179,2,1,66,1,3
4.58,0,44,77,94,7,0,3,256,150,3,44,0,9
5.8,1,40,49,65,6,2,2,149,107,0,90,1,10
8.29,0,73,29,75,8,0,3,215,81,1,80,1,6
8.51,0,72,70,30,10,0,0,54,144,0,59,1,2
7.57,0,79,45,57,3,0,1,254,40,0,46,1,9
7.67,0,50,68,28,3,1,3,107,52,5,47,1,5
8.41,2,60,73,69,2,0,7,58,104,0,74,1,1
9.6,0,65,49,49,4,1,5,51,4,0,42,1,10
5.37,2,37,66,62,0,0,2,121,115,1,67,0,12
9.96,5,100,48,15,4,0,1,121,89,1,40,1,8
9.94,2,56,52,63,0,1,1,81,53,4,66,1,2
5.94,0,92,75,50,6,1,7,100,106,3,39,1,1
7.53,3,72,78,66,4,1,2,16,27,1,52,0,6
9.35,1,50,10,48,5,0,0,217,129,0,75,1,12
6.4,0,58,65,68,5,0,2,0,74,0,55,1,3
9.62,5,70,82,60,4,0,7,218,29,0,67,1,1
8.14,0,65,76,43,5,1,6,231,45,1,49,1,9
8.74,1,64,70,53,0,1,3,300,255,2,72,0,8
6.1,4,73,87,62,2,1,2,84,104,0,49,0,6
8.38,3,46,72,93,1,0,7,153,53,0,79,1,11
6.26,0,83,59,43,5,0,4,86,2,1,76,1,3
9.01,0,47,63,54,2,0,5,110,148,1,49,0,11
5.73,4,62,44,68,4,2,2,55,171,1,67,1,4
6.17,3,73,48,55,0,2,4,176,65,2,6,1,2
8.54,4,92,55,45,0,2,6,51,28,0,52,0,9
6.96,1,66,61,76,6,0,0,25,6,1,71,0,6
6.51,0,79,17,84,7,0,1,337,179,1,87,1,8
7.44,0,31,49,68,0,1,0,249,140,0,30,1,4
8.26,0,56,72,79,1,0,0,52,65,0,69,0,12
9.29,3,40,100,52,3,1,1,409,16,0,100,1,3
9.4,4,62,47,58,3,1,6,56,86,0,60,0,11
6.29,0,40,67,78,1,0,4,111,61,0,65,1,2
9.95,1,94,95,24,12,0,9,201,180,0,16,1,2
9.22,1,53,19,46,8,0,0,65,197,0,57,1,2
7.7,0,45,80,48,1,0,2,25,66,3,82,0,11
8.08,0,35,67,76,9,0,0,233,77,0,64,1,6
8.61,1,40,46,45,8,0,3,41,163,1,69,1,6
6.01,3,78,69,54,9,1,4,258,241,5,69,1,4
7.16,0,45,27,61,3,1,6,9,53,0,69,0,6
5.67,0,63,62,56,3,1,1,35,163,1,42,1,10
7.67,3,69,36,82,9,0,6,86,72,0,59,0,10
6.04,1,66,31,50,9,1,4,177,0,2,40,1,12
4.99,0,52,65,72,3,0,0,20,128,3,65,1,6
6.01,0,80,68,69,3,0,4,139,54,1,87,1,4
6.19,2,49,46,69,4,0,4,190,64,0,76,0,8
9.5,2,88,35,39,1,0,4,128,128,0,59,0,6
7.16,5,39,73,74,7,1,2,141,69,1,49,1,11
8.53,3,68,40,100,4,0,10,297,103,0,68,0,7
7.44,0,37,100,33,2,0,3,250,65,2,86,0,7
8.66,0,82,67,66,6,0,8,245,54,0,73,1,5
6.11,0,73,68,57,7,0,2,340,146,1,90,1,5
5.53,1,53,34,44,2,2,2,77,60,2,47,1,9
4.88,0,35,46,63,0,2,4,161,126,0,95,0,11
4.65,2,74,41,52,1,0,8,216,120,0,61,1,5
5.19,0,36,24,38,7,1,6,360,20,0,81,0,11
4.67,0,55,59,52,4,3,5,261,0,0,45,1,10
4.53,4,46,100,88,5,0,5,109,52,0,61,1,8
6.46,1,77,82,44,6,0,1,4,96,4,37,1,7
8.6,3,92,80,35,0,1,3,174,2,3,54,1,5
8.54,1,43,55,56,3,2,0,173,82,0,60,1,12
5.14,0,88,30,63,5,2,0,168,100,1,50,0,9
5.25,0,59,67,38,3,0,1,142,164,1,26,0,6
5.11,0,66,78,52,5,1,3,276,89,0,100,1,12
4.75,0,64,47,76,1,0,3,167,135,2,51,1,10
8.48,0,75,83,70,1,0,1,206,88,1,79,1,12
5.06,0,79,-2,46,7,0,6,140,126,0,83,1,9
5.34,0,40,77,41,7,0,2,113,80,0,44,0,12
9.64,0,58,72,54,5,1,4,66,131,3,23,0,8
8.17,0,79,57,47,3,0,5,158,51,0,49,0,6
9.25,3,57,47,50,0,0,5,161,42,1,77,0,6
9.32,0,80,49,49,2,0,8,40,116,0,87,1,11
8.97,1,60,56,97,3,0,0,18,82,0,72,1,6
4.84,5,64,32,92,1,0,6,333,91,0,71,1,4
5.55,0,84,14,57,6,0,9,109,121,2,62,1,6
8.87,5,67,57,41,2,1,0,171,110,0,60,0,11
8.48,1,35,13,32,2,1,0,8,140,0,98,0,6
7.38,0,61,27,59,2,0,7,242,41,0,43,1,1
7.03,3,43,90,55,6,0,5,111,193,0,58,1,4
6.99,0,66,44,67,6,0,2,17,30,4,75,1,9
7.37,0,58,61,56,2,0,0,171,37,0,78,1,12
5.18,4,43,68,92,3,0,1,97,130,0,71,1,1
8.36,1,70,58,74,4,0,0,24,65,0,77,1,3
9.25,0,100,52,83,2,0,2,299,49,0,62,1,11
6.25,0,56,79,54,4,0,5,35,4,0,52,0,7
8.17,5,37,69,76,0,0,1,128,116,3,67,0,7
4.6,5,51,72,65,4,0,1,111,2,4,100,0,11
8.31,0,60,48,67,2,1,5,0,35,0,98,1,2
7.4,0,62,57,56,8,1,10,189,40,1,82,1,10
9.9,0,45,19,66,3,0,0,98,113,0,57,1,6
5.34,0,46,41,89,3,0,7,11,96,0,100,0,10
9.01,2,44,100,68,6,1,3,60,69,0,63,0,11
7.0,2,60,75,20,6,0,3,80,31,0,43,1,3
8.7,0,34,64,55,3,1,3,239,97,0,65,0,12
9.72,0,66,95,41,6,0,4,33,58,4,42,1,5
5.03,1,69,52,85,3,0,8,76,154,1,66,1,11
4.94,2,63,31,73,2,2,3,64,138,4,63,0,8
4.59,0,76,58,58,4,0,0,137,13,1,32,0,6
5.43,0,33,58,46,1,1,0,313,227,0,76,1,11
6.95,0,73,69,82,5,0,4,5,27,2,74,1,4
7.15,1,80,83,67,1,1,5,142,109,0,20,1,5
4.67,0,56,66,68,1,0,10,49,206,0,67,1,11
8.06,1,63,64,65,0,0,5,89,177,1,37,1,7
6.42,3,48,95,77,9,0,4,248,88,0,93,0,7
6.28,4,87,70,60,5,1,1,314,142,1,71,0,12
7.86,4,72,34,63,2,3,4,113,176,5,61,1,11
7.94,0,54,81,57,4,1,2,111,136,0,82,1,4
5.44,0,60,74,82,2,1,7,448,87,0,77,0,11
6.63,0,63,35,71,0,0,2,69,105,3,52,1,5
6.86,4,89,88,29,5,0,1,265,66,1,49,1,10
8.03,0,65,59,76,11,2,1,59,113,1,45,1,10
5.93,2,89,31,46,5,0,4,144,141,0,63,0,8
7.61,0,51,86,82,5,1,6,253,50,0,46,1,3
8.5,0,48,61,87,2,0,3,62,57,1,63,1,4
9.26,1,66,40,79,8,2,1,102,94,2,46,0,9
7.3,0,68,33,79,10,0,8,5,179,0,95,1,8
8.19,0,33,45,60,6,0,0,210,13,0,70,0,11
8.37,3,66,51,33,6,0,6,474,41,4,68,0,10
6.91,4,54,51,48,2,0,0,47,35,0,66,0,6
7.0,0,53,65,72,4,1,1,19,35,0,56,1,11
4.82,1,51,62,87,4,0,9,139,48,0,60,1,6
9.3,1,45,64,46,2,0,2,371,9,0,57,1,8
4.9,0,56,72,65,6,0,3,184,51,2,45,1,10
8.21,4,82,68,73,1,1,6,107,61,0,58,1,8
4.98,0,62,48,55,1,1,8,169,50,2,35,0,11
6.88,2,84,25,31,3,0,6,16,220,0,82,0,7
9.93,2,61,83,53,4,1,2,317,48,0,89,0,7
4.56,4,39,55,46,8,0,5,178,10,4,59,0,9
5.39,0,60,63,60,3,0,2,200,77,0,74,1,1
5.53,1,60,77,61,7,3,8,52,101,0,69,1,12
6.6,4,92,54,55,6,1,2,153,34,0,54,1,2
8.94,0,48,43,47,5,1,2,281,236,1,47,1,3
7.07,2,91,70,80,10,1,0,79,33,1,66,1,5
8.47,0,76,23,54,7,1,7,75,310,0,85,1,11
6.57,0,61,65,58,2,0,7,89,27,3,73,1,3
6.25,4,67,79,26,1,1,8,207,20,0,91,0,8
7.06,0,47,72,33,2,1,2,75,101,5,84,1,12
6.29,1,77,52,33,2,0,6,324,68,1,88,1,12
6.11,2,36,80,60,1,0,7,374,6,4,70,0,6
7.09,0,84,82,65,5,1,0,190,78,4,58,1,12
6.88,2,73,66,84,6,1,0,318,92,0,86,0,10
4.85,0,75,72,85,4,0,0,278,81,1,83,0,9
5.05,1,83,58,53,2,3,1,147,73,1,67,1,2
4.97,0,67,83,65,4,1,6,24,50,1,38,1,11
5.48,0,61,30,77,7,1,2,1,30,0,16,1,11
6.87,2,37,91,61,1,0,4,60,46,1,72,0,8
6.21,4,72,58,61,3,0,3,19,73,2,50,1,10
9.51,0,44,58,67,5,0,3,18,159,4,31,1,6
8.01,1,66,20,94,6,1,2,122,124,0,99,1,2
5.64,2,49,32,73,7,1,10,185,149,1,48,1,2
6.71,0,73,87,61,6,2,5,114,78,1,72,1,11
8.66,0,64,40,56,0,1,2,31,98,0,98,1,1
4.87,0,64,75,37,2,0,8,298,134,2,70,1,2
9.76,1,55,37,94,1,1,9,207,15,4,81,1,6
8.17,0,70,60,65,0,1,0,243,164,4,56,0,8
6.4,0,69,52,65,0,0,3,9,3,1,69,0,9
5.22,0,72,55,76,0,0,2,281,138,0,65,0,9
8.39,0,96,80,36,1,0,2,78,66,0,63,0,11
8.93,0,52,43,57,2,0,9,186,230,0,100,1,12
9.98,0,72,56,27,5,0,2,235,104,0,63,1,9
9.12,0,81,66,59,9,2,4,238,29,0,68,0,6
8.2,0,81,26,59,9,0,1,157,130,0,51,1,4
9.89,1,59,54,43,8,2,7,223,54,0,77,1,1
6.47,0,75,76,74,5,0,3,66,48,0,58,1,11
8.99,0,65,60,45,10,1,6,8,250,0,42,0,6
6.91,1,55,91,59,6,0,0,19,122,0,54,0,11
6.54,0,77,64,87,0,1,1,26,77,2,57,0,6
9.51,0,81,74,100,1,0,7,154,107,0,73,1,1
8.33,0,65,65,98,1,3,3,99,120,0,31,0,8
6.7,2,66,53,70,9,0,8,266,177,1,58,0,9
4.72,0,72,49,78,0,2,1,73,116,1,49,1,7
7.2,0,58,55,42,8,0,9,7,83,0,65,1,7
8.72,0,68,43,78,1,0,0,31,13,2,43,0,11
8.74,0,47,60,90,4,2,3,18,32,0,66,1,6
6.59,0,38,90,70,8,1,5,202,163,0,75,0,10
6.39,0,70,50,52,0,1,3,358,65,0,68,1,6
8.78,0,42,74,44,4,0,6,178,7,0,65,0,6
7.42,0,69,61,49,5,0,5,236,118,0,36,1,7
7.58,0,77,61,48,0,0,2,109,207,1,82,0,8
5.34,0,54,77,90,3,3,0,367,22,0,57,1,10
5.98,3,60,70,44,1,0,0,3,89,0,74,1,7
5.49,0,74,30,41,5,0,4,125,116,0,50,1,3
5.62,0,62,99,75,4,0,8,10,161,1,73,1,5
5.23,0,82,67,62,11,3,7,155,2,0,86,1,12
6.67,0,76,61,73,3,3,4,16,142,2,77,1,2
8.79,0,58,47,28,5,2,4,245,144,1,77,1,1
9.25,1,56,52,42,4,0,6,3,72,3,59,1,5
9.68,1,77,80,74,2,0,5,68,50,5,37,1,6
8.36,0,61,29,62,4,0,0,205,205,0,43,0,9
5.05,0,79,66,72,11,0,0,212,20,0,77,1,2
5.95,0,62,77,48,1,0,5,43,75,0,23,1,7
6.28,0,66,73,49,5,1,3,91,73,0,63,1,6
9.67,3,54,60,49,7,0,8,146,78,3,81,1,4
9.68,0,69,62,38,5,0,7,207,24,4,49,1,4
4.84,0,55,71,68,2,0,4,475,0,0,51,1,2
5.64,4,78,73,57,6,2,9,63,59,0,84,1,2
9.89,1,51,44,77,7,0,3,150,18,0,98,1,5
7.02,0,45,45,38,2,0,1,149,2,0,62,1,4
9.36,1,69,32,32,3,1,2,232,327,0,40,1,3
7.82,3,57,75,32,3,0,0,129,42,0,66,1,1
6.52,0,61,75,61,7,0,5,44,53,1,68,1,1
9.59,3,100,68,65,2,0,8,261,72,0,63,1,9
5.47,0,54,22,24,7,0,5,62,16,0,47,0,12
9.44,2,51,79,34,7,2,5,97,80,0,65,1,8
4.91,4,69,79,59,0,0,3,22,18,5,44,1,10
6.17,2,65,32,91,8,0,1,151,118,0,74,1,11
8.4,0,100,33,63,7,2,1,168,110,0,74,1,12
8.9,0,50,44,72,7,2,3,27,43,0,84,1,8
6.12,3,96,57,54,4,2,3,86,101,2,78,1,7
6.18,0,80,100,46,10,0,7,204,22,0,47,1,6
6.4,0,50,63,41,12,0,3,236,164,2,50,0,11
7.31,5,67,65,54,5,0,1,105,112,0,50,1,3
7.05,0,57,26,84,1,1,2,176,94,0,82,1,9
4.54,2,65,56,64,1,0,3,236,120,2,53,1,1
8.8,0,70,30,56,2,0,0,190,159,0,75,0,7
6.05,0,38,64,53,0,0,1,67,162,0,93,1,3
8.19,0,62,69,69,1,1,8,162,36,3,73,1,10
9.47,1,59,60,76,0,0,5,33,102,0,60,0,6
8.17,0,100,73,69,4,1,0,177,38,4,39,1,7
7.97,1,54,29,63,2,1,0,99,62,0,47,0,10
9.92,0,39,74,59,4,0,4,77,69,1,42,1,3
7.07,4,70,70,45,6,0,4,158,241,0,30,0,10
6.69,1,47,66,78,3,3,0,472,25,5,46,0,7
6.18,2,60,67,78,2,1,0,195,132,0,82,1,10
4.5,0,77,19,64,6,2,4,210,42,0,60,0,7
5.1,4,63,92,65,0,0,2,13,8,2,40,0,11
6.36,0,60,71,39,4,3,7,116,18,0,46,1,6
4.57,0,68,43,71,5,0,6,125,145,4,42,0,7
5.73,0,86,61,60,9,1,0,11,108,1,89,1,11
9.56,1,83,71,45,9,2,0,159,133,0,78,1,1
6.94,4,75,54,53,4,0,4,36,95,1,15,1,3
8.87,3,42,44,82,5,3,4,140,129,1,44,0,11
6.0,1,55,52,77,2,1,8,112,38,0,84,0,11
6.34,1,85,86,50,2,0,1,291,49,1,69,0,11
5.36,1,83,66,70,1,0,2,293,50,2,72,1,8
7.16,1,75,69,31,3,1,4,281,32,1,47,0,7
6.85,5,79,40,49,0,1,10,241,8,0,40,0,8
7.19,0,52,47,60,1,1,1,232,96,2,59,1,5
9.17,1,64,46,55,3,1,2,163,194,0,72,0,9
9.85,0,66,90,69,4,1,4,208,35,1,42,1,1
7.24,0,49,35,71,7,2,4,238,114,0,67,1,10
5.92,0,100,50,61,2,0,9,5,167,0,65,0,7
9.99,0,46,60,100,6,2,1,281,239,0,72,0,7
5.51,2,53,53,83,3,0,7,25,103,0,69,0,12
5.08,0,73,55,64,3,0,3,30,20,0,28,1,2
7.75,2,70,23,60,8,1,0,149,83,0,31,0,9
7.27,0,82,26,45,8,1,3,239,168,0,72,0,9
7.26,0,26,78,76,4,2,5,144,208,2,76,1,10
9.91,0,76,76,65,2,0,1,177,27,0,50,1,2
9.15,0,59,74,57,5,2,4,63,101,3,57,1,1
6.25,4,72,50,76,3,0,1,230,121,0,53,0,10
5.98,0,71,85,61,2,0,8,154,174,2,87,1,6
8.15,0,62,42,54,7,0,2,382,41,4,58,0,7
8.77,1,78,50,55,1,0,8,264,77,0,55,0,12
5.48,0,78,59,54,1,0,6,176,212,0,79,1,6
9.45,0,96,53,77,5,1,2,97,160,0,63,1,10
5.43,3,32,52,56,3,1,2,423,134,0,65,0,10
4.95,0,48,60,98,4,1,1,287,85,3,87,1,3
9.13,5,61,60,83,3,0,3,48,19,1,28,1,5
5.37,0,41,33,54,8,0,2,29,19,0,49,0,6
9.3,0,50,62,51,1,0,9,14,40,0,72,0,9
6.32,1,78,64,94,5,1,0,372,12,2,81,1,10
6.64,1,40,75,50,5,0,1,104,81,0,100,0,9
9.02,0,54,87,70,4,0,4,336,95,2,54,1,9
9.53,1,72,41,42,7,1,7,239,29,0,62,1,7
7.51,0,51,73,41,1,2,3,129,83,0,55,1,8
5.32,2,45,42,28,5,1,2,122,137,2,53,1,12
6.83,0,61,85,95,2,1,0,29,34,1,52,1,4
4.58,2,65,29,73,1,0,0,57,138,2,75,0,10
4.88,0,79,37,66,2,0,4,368,32,0,72,0,11
9.28,0,54,55,84,2,1,8,175,10,2,69,1,12
5.25,0,93,60,52,3,0,3,241,17,5,57,0,6
7.25,0,97,80,53,11,0,3,179,35,1,50,1,12
5.58,0,47,71,23,6,1,1,8,17,2,63,1,10
5.27,0,40,71,79,1,1,9,355,76,0,51,0,10
6.74,0,85,50,95,3,2,9,430,53,4,71,0,7
4.83,0,64,49,35,9,3,7,268,136,0,80,1,3
9.33,1,65,6,63,0,0,2,3,46,5,32,0,11
8.64,1,60,100,15,2,0,5,6,32,0,51,1,5
4.52,0,56,72,89,4,0,4,166,11,1,59,0,10
9.71,2,67,60,67,4,1,7,329,107,0,84,1,2
8.97,0,48,69,83,6,1,2,71,138,0,84,1,11
8.42,0,85,44,37,2,0,0,216,85,1,67,0,9
8.51,0,65,66,66,0,0,2,74,174,0,48,1,5
5.11,0,54,5,70,3,0,2,88,108,1,30,0,10
6.8,0,61,55,98,6,1,4,284,94,0,57,1,3
9.21,0,77,36,45,8,0,5,76,3,2,78,1,2
9.25,1,71,56,73,5,0,6,16,143,1,100,0,8
9.5,0,69,44,69,2,3,7,267,202,1,84,1,5
5.61,4,59,65,56,2,0,2,331,95,0,60,0,9
7.84,1,60,40,55,6,0,2,234,169,0,53,1,10
5.04,0,63,49,65,5,2,4,228,49,1,58,1,11
7.48,1,64,58,42,2,1,2,177,48,5,89,1,5
5.59,1,76,40,74,3,0,9,382,53,1,84,1,2
8.1,0,67,41,58,1,0,7,223,203,3,54,0,12
6.73,4,77,66,57,5,1,3,137,13,1,91,0,9
6.87,1,62,36,79,8,1,1,57,188,0,65,1,4
7.32,1,82,83,58,4,0,3,21,58,0,62,1,2
8.2,0,63,77,57,7,0,2,254,14,0,41,0,10
8.31,0,58,36,55,0,1,4,262,106,0,51,0,11
7.53,1,68,59,77,7,0,3,196,218,2,77,1,8
9.38,1,69,66,65,5,1,0,300,171,1,80,1,9
8.53,1,49,52,30,2,1,3,127,84,0,87,1,2
8.35,1,83,56,93,3,0,9,182,185,1,58,1,3
5.02,1,48,46,68,4,0,0,283,133,0,49,1,10
5.21,0,78,59,81,4,2,7,37,18,0,52,1,5
7.88,4,65,85,69,5,0,3,87,178,1,68,1,3
6.42,5,52,32,75,1,0,5,241,0,1,47,1,4
9.33,0,88,58,67,6,0,6,68,101,1,90,1,8
5.06,1,69,70,54,8,0,0,89,64,1,51,0,10
6.94,0,86,8,56,2,0,6,147,122,0,89,1,12
6.14,0,65,86,55,1,0,4,39,192,0,54,1,2
7.08,3,56,56,56,9,2,5,134,134,0,93,1,12
8.91,0,80,63,82,8,0,2,49,190,1,49,1,10
4.96,0,65,79,61,5,1,0,480,22,0,55,0,12
8.78,4,50,59,58,3,2,4,27,112,0,44,1,4
8.36,1,74,78,22,5,0,1,118,209,2,49,0,8
5.3,3,60,29,64,5,0,0,212,79,1,55,0,11
7.66,0,100,31,62,6,0,4,305,55,0,59,1,7
7.07,0,61,54,57,0,1,3,565,19,0,66,1,9
6.18,0,60,68,66,0,1,0,240,104,0,84,0,9
8.29,1,86,69,87,6,0,2,310,232,0,69,1,1
5.71,0,76,63,42,0,0,0,97,34,2,68,0,6
6.96,3,78,60,35,5,0,8,212,138,3,93,0,12
5.25,5,76,42,71,5,0,4,197,188,0,75,1,8
8.6,0,47,70,42,5,1,3,226,2,0,50,0,11
8.25,3,70,45,75,12,2,9,192,100,0,80,1,5
6.93,0,73,100,74,2,0,5,52,51,1,52,1,1
5.6,4,52,68,70,5,0,4,62,5,0,53,0,7
5.31,1,100,39,60,5,1,1,257,42,0,62,1,5
8.76,2,45,62,50,7,0,4,365,164,0,85,0,10
6.03,2,41,21,75,1,0,3,148,42,0,67,0,8
9.74,0,66,64,75,3,0,0,0,264,0,63,1,6
8.1,0,51,57,49,5,1,5,253,82,0,62,1,4
6.25,2,84,54,77,8,1,6,142,66,3,79,1,11
9.36,0,68,33,44,6,1,9,4,228,1,73,0,9
8.25,1,65,46,59,5,0,8,23,116,2,87,0,10
8.96,0,63,59,58,7,1,1,157,49,2,96,1,5
6.22,0,44,50,35,7,0,7,318,78,0,45,1,10
9.28,3,73,59,70,1,3,7,155,125,1,90,0,12
6.66,0,61,62,63,8,2,1,111,109,5,96,1,4
8.23,0,64,41,50,6,0,9,151,57,2,71,1,5
9.04,0,55,85,50,0,1,6,298,85,0,30,1,6
6.34,1,69,54,71,5,1,1,24,35,2,56,0,12
9.59,1,47,53,58,4,0,2,75,76,0,83,1,7
9.04,0,58,64,97,9,1,4,221,133,0,55,1,11
6.89,0,37,27,57,1,0,0,42,27,0,69,0,11
7.01,3,42,70,64,8,2,1,134,53,0,16,0,9
7.4,2,64,19,70,2,0,2,189,107,1,61,1,2
8.22,1,67,15,95,1,2,2,36,15,0,73,1,10
6.65,1,69,78,64,0,2,3,11,91,0,60,1,10
6.09,0,64,47,75,6,0,1,26,13,1,62,0,12
8.43,4,62,94,33,2,1,5,158,260,0,54,0,6
7.85,0,92,30,79,2,0,7,234,61,0,51,0,10
9.64,0,87,52,39,7,1,3,46,107,1,76,1,3
9.85,0,47,51,39,5,2,2,142,59,0,61,1,6
9.82,0,82,78,46,0,1,2,155,122,1,34,1,2
9.95,2,48,27,50,10,0,5,208,78,2,51,1,2
9.63,0,90,45,73,0,1,5,208,231,0,66,1,7
7.67,0,82,69,58,5,1,1,24,55,0,76,0,11
9.64,2,86,55,55,2,0,1,24,140,0,74,1,4
5.09,1,59,93,55,2,0,6,197,104,1,91,0,6
8.34,0,84,48,68,0,1,5,13,87,4,65,0,7
7.62,0,100,63,84,4,3,9,267,25,4,82,1,3
5.8,0,45,48,61,1,1,8,174,266,0,100,0,7
7.0,2,84,60,75,0,0,6,232,137,2,76,1,12
5.99,4,40,65,70,3,1,7,16,102,0,67,1,3
9.76,0,65,72,67,0,1,1,18,96,3,70,1,12
6.49,1,82,12,72,6,0,1,242,167,1,39,1,9
9.38,3,78,78,63,6,0,0,212,15,1,76,0,11
5.63,1,82,48,47,3,0,6,26,184,0,84,1,11
7.04,4,88,30,39,6,0,1,39,65,0,75,0,11
6.27,2,49,71,45,5,1,7,69,38,0,79,0,6
4.74,1,65,77,87,4,1,0,249,130,0,50,1,8
6.43,4,63,43,57,1,0,7,133,45,0,77,0,11
4.72,0,68,40,75,1,1,1,60,117,0,75,0,8
6.28,0,71,88,62,11,1,2,204,102,0,52,0,6
9.21,0,65,56,76,5,2,1,124,103,0,96,1,5
7.03,0,45,80,59,6,3,5,60,52,0,54,0,10
9.07,2,57,68,66,2,1,2,298,194,1,69,1,7
7.6,0,56,40,89,3,1,2,203,71,1,62,0,12
7.16,2,40,35,51,5,1,5,102,145,0,77,1,5
6.74,0,64,83,64,2,0,2,127,50,0,62,1,5
4.63,4,44,38,59,3,0,3,31,0,0,49,0,8
5.37,1,69,72,75,4,0,5,8,243,0,75,0,12
7.89,3,61,80,39,4,1,4,16,185,0,98,0,10
8.77,0,99,65,53,12,1,0,83,55,0,40,1,4
6.62,0,61,49,74,4,2,0,112,99,3,55,0,11
9.09,4,64,29,64,5,0,2,68,119,0,55,0,8
5.55,1,68,73,64,5,1,1,319,7,3,78,1,11
5.48,0,100,53,18,3,0,7,130,71,0,85,0,10
4.99,0,28,16,59,2,0,0,296,59,1,86,1,11
4.99,4,66,55,80,8,1,9,147,60,0,92,1,5
7.23,1,49,68,69,0,1,6,79,90,0,48,0,8
8.17,2,64,69,38,4,2,0,270,91,0,83,0,10
9.8,0,54,85,54,9,0,0,81,21,1,52,1,1
5.68,5,28,84,56,6,1,4,269,21,0,57,1,12
5.19,0,94,81,58,2,0,4,194,224,1,69,0,11
7.19,5,31,62,60,4,0,5,17,57,2,74,1,6
6.91,0,54,58,56,4,2,2,124,189,4,39,1,7
7.6,2,68,38,61,4,0,4,132,78,1,75,0,10
5.77,1,76,89,55,1,0,5,261,104,0,58,1,7
5.64,1,42,49,76,2,1,8,24,164,0,57,0,10
4.53,1,100,100,62,2,3,1,237,113,0,54,0,8
6.69,1,79,74,97,7,0,9,52,53,0,62,1,1
7.93,5,60,67,29,2,0,0,99,2,0,53,0,11
6.99,0,66,39,57,8,0,3,205,31,0,92,0,7
6.29,1,77,74,70,8,0,3,233,51,1,89,1,5
6.15,2,36,30,47,7,3,5,122,42,0,83,1,2
4.5,0,83,61,66,2,0,1,343,15,0,73,0,7
7.16,5,66,84,64,0,1,1,100,53,2,71,0,11
5.08,0,69,63,40,3,1,6,98,3,0,39,1,5
8.24,0,44,23,77,2,0,2,27,79,0,82,1,6
9.54,5,75,83,85,4,1,9,87,46,1,93,0,11
8.87,0,92,62,97,2,3,0,90,100,0,67,1,3
7.59,0,67,60,61,2,0,6,219,96,1,90,1,4
8.6,1,58,85,84,4,2,4,4,99,0,76,1,11
6.54,0,81,68,98,2,2,3,61,34,1,65,0,9
5.05,4,61,100,53,1,0,1,113,113,0,77,0,10
8.95,0,61,42,78,5,1,1,456,21,0,62,0,9
6.63,0,81,50,64,7,0,2,16,105,0,50,0,10
8.63,1,67,69,45,1,2,1,167,95,0,58,1,8
8.9,0,38,49,43,1,1,8,147,98,2,57,0,10
9.02,0,71,70,75,4,0,3,229,162,0,65,1,8
6.08,4,78,15,55,4,0,4,175,47,1,90,0,10
5.54,2,49,60,45,1,0,2,135,120,0,40,0,7
9.48,1,57,45,57,6,0,6,42,183,0,100,0,8
4.84,1,31,51,72,1,0,0,52,63,2,56,0,10
9.11,3,75,47,34,3,1,3,71,165,2,66,1,12
8.81,2,96,78,68,10,2,1,203,47,2,33,1,2
8.9,2,47,56,51,3,0,9,266,78,1,53,0,10
7.6,1,39,69,51,3,0,6,149,126,1,100,1,2
4.84,0,57,49,88,7,1,2,78,20,0,74,1,2
7.76,2,70,64,56,8,1,3,22,56,0,60,1,3
7.05,1,55,44,74,5,0,3,83,89,0,50,1,10
8.14,4,82,52,60,5,2,4,594,293,4,68,0,7
7.85,0,81,64,83,2,0,0,137,139,0,59,0,9
5.85,3,74,78,57,7,1,0,213,24,0,55,1,10
7.76,1,73,67,37,3,0,2,356,81,2,49,1,8
5.49,1,38,34,41,3,0,3,239,34,0,67,0,10
9.87,0,35,47,83,7,0,0,141,42,1,49,0,11
5.12,0,45,100,65,3,0,2,111,63,0,67,1,7
5.24,0,86,72,53,3,2,5,84,88,1,100,1,12
7.33,0,81,39,66,2,2,4,351,49,0,39,1,4
5.99,2,49,44,85,5,0,2,514,38,0,40,0,10
8.66,1,67,51,60,2,0,0,293,41,0,70,1,1
9.38,0,80,49,51,8,0,2,34,112,1,72,1,2
8.25,0,31,33,71,4,0,0,117,51,3,56,1,4
6.56,4,40,22,78,0,2,8,105,61,1,85,0,8
8.32,1,63,67,58,2,1,1,124,119,2,55,0,9
6.28,0,92,51,40,2,1,3,10,204,5,79,0,6
6.74,2,53,76,28,1,0,4,102,47,0,55,1,6
6.47,2,48,49,80,2,1,7,100,29,1,36,1,2
7.43,2,100,70,73,3,1,9,5,76,0,38,1,9
6.06,0,41,69,55,1,2,2,56,58,1,48,0,12
9.11,5,61,60,87,2,2,0,97,193,0,56,0,6
7.21,0,38,67,34,6,0,4,59,11,1,57,1,2
9.31,2,51,47,60,4,1,3,176,196,0,70,1,4
9.62,0,51,40,36,6,0,6,275,94,0,70,1,5
7.39,1,77,70,42,2,2,2,31,62,1,35,0,7
9.61,2,61,75,56,0,2,2,274,100,1,61,1,5
6.38,0,65,98,43,5,1,2,200,52,0,57,1,5
7.39,3,38,51,53,0,0,1,183,82,0,18,0,8
7.88,0,90,63,38,5,3,9,182,100,0,80,0,9
5.11,0,50,52,59,3,0,2,486,20,1,100,0,6
4.58,0,79,70,81,0,1,3,131,75,3,84,0,9
4.68,0,83,54,49,3,0,2,100,27,4,53,0,12
9.09,2,70,30,71,4,1,1,23,5,4,80,1,10
8.35,0,47,49,70,1,0,7,142,77,0,73,1,6
7.71,0,40,57,63,3,0,3,96,64,0,68,1,7
5.48,2,58,100,59,8,0,8,188,166,0,45,0,9
8.82,1,88,73,69,0,0,7,99,49,0,67,1,6
5.41,4,33,48,49,2,0,2,235,190,0,47,0,6
9.85,2,84,64,25,1,0,2,216,30,0,66,1,11
4.95,1,67,40,65,1,1,0,29,63,3,73,1,5
8.27,1,65,65,62,3,2,4,73,26,1,60,0,10
7.16,1,53,35,64,4,0,8,54,63,0,79,1,1
6.55,0,69,65,54,7,1,9,161,16,1,36,1,8
6.66,0,83,64,100,4,1,1,18,186,1,67,1,7
7.34,1,50,81,29,3,1,7,138,161,0,62,1,3
9.95,5,69,50,73,4,3,1,139,155,0,71,1,6
6.52,0,59,71,40,8,2,5,165,196,0,40,0,6
8.98,0,57,33,69,5,0,7,110,11,0,37,1,11
6.66,0,51,19,91,9,2,2,317,19,1,77,1,12
8.46,0,56,56,77,0,0,8,82,72,0,44,1,8
6.48,0,63,66,77,9,0,0,63,216,0,65,0,10
9.68,0,55,35,57,7,0,4,18,57,0,80,0,8
7.24,1,41,30,68,6,0,4,145,166,3,55,0,10
9.13,1,77,49,62,3,0,1,223,85,0,49,0,12
5.52,2,30,28,84,0,2,0,1,128,0,98,0,9
9.38,0,79,27,51,2,3,1,302,17,2,60,0,9
4.51,1,70,63,57,0,0,0,167,38,0,47,0,11
6.64,0,87,52,86,3,0,0,142,76,2,77,1,2
6.81,1,50,20,28,1,0,9,365,95,0,48,0,11
6.92,1,66,74,61,5,1,8,17,26,0,45,1,12
8.48,0,74,53,84,1,0,0,34,45,0,71,0,7
9.74,1,32,15,50,4,1,6,107,32,0,100,1,6
6.75,0,69,40,54,2,0,1,109,169,1,69,0,9
9.9,0,91,72,60,3,0,8,80,87,0,64,1,2
8.27,5,75,57,65,8,2,3,359,175,0,35,1,10
8.07,0,54,53,48,5,0,0,39,69,0,51,0,7
6.08,4,89,57,69,6,1,5,52,111,0,38,0,10
6.39,3,37,40,69,6,0,6,72,138,1,64,0,6
7.99,1,33,42,44,3,1,0,144,20,0,59,0,8
5.65,1,65,66,70,5,2,3,124,88,0,60,0,11
6.79,0,52,90,62,4,3,0,352,104,2,36,1,5
7.3,2,68,86,66,6,0,1,34,66,1,42,0,10
5.04,0,62,47,59,3,0,2,108,125,0,72,1,9
5.05,2,65,47,82,4,0,7,197,15,4,73,1,8
5.57,1,57,46,54,3,0,0,37,220,3,69,1,3
7.98,2,61,62,40,0,0,5,123,22,0,51,0,7
8.86,2,68,39,37,8,1,0,99,155,0,85,1,12
6.21,0,56,69,30,3,1,2,23,86,3,26,0,6
9.16,0,44,69,12,2,2,2,25,74,1,84,0,11
9.83,4,60,86,53,5,2,7,107,73,2,88,1,12
4.89,0,60,46,88,2,0,2,39,29,0,80,1,5
9.18,0,70,80,42,2,0,0,295,222,0,68,0,8
4.95,1,80,71,97,4,1,4,328,6,0,76,0,12
8.44,0,8,72,47,9,1,0,14,29,0,84,0,6
8.95,0,93,74,65,6,0,0,58,8,0,72,0,12
8.45,0,84,42,73,3,1,4,56,4,1,81,1,11
8.6,2,40,81,33,4,1,7,243,107,0,40,1,8
7.42,0,68,91,54,1,2,0,262,152,1,72,1,2
5.24,0,73,65,58,5,0,3,9,155,1,86,0,10
7.59,1,45,62,40,3,0,8,263,142,2,91,1,1
4.65,0,58,77,69,0,1,1,127,26,0,60,0,11
6.64,0,69,47,92,10,1,0,120,42,1,55,1,10
7.9,1,82,60,66,6,1,2,34,36,2,62,1,10
7.27,0,69,82,80,2,1,3,163,55,0,48,1,1
9.08,1,76,94,82,3,0,2,120,32,0,48,1,5
6.01,3,64,53,72,6,1,8,90,4,2,27,1,4
8.66,1,100,75,47,0,1,4,148,137,0,62,1,10
9.06,0,35,87,55,2,0,5,169,42,1,77,0,9
6.79,0,55,79,57,5,1,10,181,57,0,83,1,4
7.98,3,50,15,67,2,0,5,141,50,0,61,1,10
8.53,1,58,60,84,11,0,6,174,158,2,49,1,5
4.53,2,80,67,56,3,1,4,177,5,0,68,0,7
7.53,0,26,74,40,3,0,6,51,71,0,52,0,11
7.87,0,79,54,50,8,0,3,17,6,0,62,1,11
5.54,0,36,65,52,5,0,2,2,17,0,52,0,8
6.71,0,83,55,100,3,1,4,117,33,0,56,0,7
9.68,0,87,70,62,3,2,0,260,31,0,100,1,12
6.62,2,82,50,22,9,2,1,88,45,2,51,1,7
5.09,2,70,43,70,0,0,1,112,136,3,80,1,8
8.98,0,74,55,57,5,2,4,242,184,0,58,1,11
5.04,2,63,52,79,4,1,3,110,151,0,40,1,2
9.67,0,54,70,56,0,1,5,33,24,2,78,0,10
4.63,3,72,49,42,7,0,5,305,117,0,72,1,7
6.25,2,89,32,97,6,2,0,81,117,2,84,0,12
8.15,0,67,76,41,1,0,4,39,161,0,33,1,8
4.76,1,71,99,48,0,0,3,401,113,0,83,1,10
6.95,0,58,61,54,3,0,6,75,91,2,75,1,12
7.3,3,53,48,59,0,0,4,19,147,1,55,0,6
8.36,0,90,61,22,7,2,6,91,68,0,37,1,3
7.12,0,70,66,16,4,0,1,32,83,3,76,1,9
7.82,4,33,58,50,3,0,7,155,122,0,29,0,11
4.95,0,32,35,45,4,0,2,273,148,1,58,1,2
6.96,2,74,79,41,11,0,2,115,5,0,24,0,9
6.51,0,64,46,31,4,0,3,140,93,1,54,0,9
6.06,0,62,40,77,4,1,6,193,97,4,53,1,8
6.11,0,51,46,24,4,0,3,84,29,0,35,0,11
7.88,2,75,100,53,3,1,2,13,13,0,51,0,10
4.92,0,55,29,55,0,3,0,104,172,0,33,0,7
8.96,0,25,47,63,5,0,4,169,77,1,63,1,6
6.18,0,44,85,50,0,1,7,13,28,1,44,0,7
5.88,2,47,87,41,9,1,0,263,101,1,100,0,8
5.6,2,71,68,57,6,1,8,29,50,1,90,0,12
7.37,0,37,54,41,7,2,6,114,71,2,56,0,10
7.65,0,55,56,71,2,0,0,154,175,1,58,1,11
5.64,0,76,90,90,2,0,0,76,18,1,48,1,10
9.36,1,66,62,70,4,0,7,145,74,2,55,1,1
7.0,0,34,64,51,1,0,7,148,103,2,69,0,11
7.87,5,52,68,67,2,0,5,78,54,0,73,1,5
5.35,1,97,46,47,8,0,7,53,166,0,76,1,2
7.86,0,78,68,84,0,0,1,151,107,0,71,1,8
4.84,0,50,54,35,8,2,4,70,206,5,72,1,2
7.71,0,84,53,37,6,0,7,315,28,1,78,1,1
5.16,0,66,58,65,2,1,0,3,38,0,99,1,9
4.57,0,61,63,45,3,2,2,33,39,1,64,1,1
8.66,0,60,64,18,2,0,0,114,78,1,51,0,7
7.54,4,54,45,56,10,1,0,170,3,1,84,1,10
5.45,1,56,71,58,8,1,4,73,34,1,52,0,7
4.9,0,68,67,52,5,0,0,23,78,0,65,0,6
7.7,4,71,38,73,9,2,5,121,35,1,83,1,7
6.53,1,54,63,51,6,1,2,140,182,0,84,0,8
6.34,1,54,70,58,10,1,8,159,37,2,77,0,9
5.16,0,89,78,37,4,1,5,39,51,0,46,0,12
9.88,3,66,55,72,4,0,3,65,95,0,67,1,2
8.5,0,47,68,62,3,0,10,107,47,0,69,1,2
4.79,2,58,75,70,4,0,0,330,114,0,59,0,8
9.97,0,59,65,59,8,1,4,332,45,0,31,1,5
5.42,0,88,38,72,2,0,7,246,78,0,74,1,7
6.16,0,33,7,65,5,1,5,37,122,0,100,1,10
9.55,3,55,44,31,4,0,5,235,11,0,73,1,11
7.62,1,70,51,73,7,1,6,145,0,2,86,1,1
8.91,0,77,36,66,0,0,4,51,47,0,87,1,6
9.72,0,57,39,83,5,1,7,188,192,3,62,1,1
7.19,4,86,36,82,6,0,7,9,160,2,42,1,12
8.99,0,66,66,88,3,1,2,298,30,0,79,1,6
9.42,5,37,48,67,8,0,0,8,82,1,54,0,12
8.61,3,73,55,45,2,1,2,28,74,2,57,0,10
5.51,0,55,41,55,4,0,9,2,106,1,70,1,10
5.33,0,43,61,36,4,0,0,0,104,1,52,1,4
9.45,3,72,63,65,0,0,8,78,8,0,82,1,12
8.56,4,65,88,64,2,0,1,84,216,3,79,0,10
9.79,0,71,79,87,4,1,6,25,16,0,83,1,4
9.63,4,54,75,91,2,0,5,50,129,0,89,1,7
9.76,5,48,62,60,2,1,4,32,94,3,53,1,8
5.51,0,51,35,50,12,1,3,159,210,1,62,1,4
4.57,2,66,76,69,1,0,8,26,14,0,92,1,4
5.71,2,72,61,72,1,2,0,206,15,2,40,1,7
4.79,3,53,41,62,2,1,1,68,157,5,37,0,10
6.86,5,54,41,33,2,2,7,45,52,0,97,0,12
9.65,1,66,46,46,3,1,1,64,39,0,46,0,9
9.85,0,86,48,86,0,0,5,331,98,0,36,1,5
7.59,1,39,54,58,1,2,2,142,74,0,80,1,10
8.93,0,55,70,50,0,0,9,53,43,1,50,1,9
7.36,0,79,40,38,7,2,7,186,76,0,72,1,11
6.02,0,63,86,64,3,3,8,329,126,0,52,1,8
7.35,3,92,100,54,3,2,0,97,57,0,66,1,12
5.76,0,54,35,63,3,0,0,21,157,0,49,1,6
4.86,0,40,51,56,2,2,2,361,48,0,37,1,3
9.17,2,77,6,58,5,0,0,122,21,2,67,1,11
5.77,0,52,32,65,3,0,4,78,95,1,84,0,9
5.88,0,69,92,63,5,2,3,102,46,0,51,1,4
6.13,0,79,84,74,0,1,10,165,55,1,90,0,12
6.9,0,52,81,44,7,1,1,181,94,4,74,0,9
5.07,0,49,77,67,2,0,3,209,108,0,63,0,8
9.22,0,72,93,62,6,0,1,49,75,0,50,1,11
4.71,1,55,86,35,8,0,2,22,140,3,80,1,4
7.61,0,64,64,50,3,1,1,196,100,1,47,0,11
7.9,0,65,53,40,5,0,2,163,79,0,60,1,5
8.47,4,54,53,59,5,0,8,158,7,3,67,0,10
8.58,2,34,94,29,3,0,6,204,67,0,72,1,11
7.17,0,49,100,56,6,0,5,147,98,1,68,0,10
8.55,1,50,92,76,9,0,6,92,90,1,74,1,5
6.58,0,66,50,37,4,1,2,458,52,0,76,1,9
9.51,3,30,43,70,4,2,2,88,125,0,43,1,4
9.35,1,70,65,62,2,0,2,153,141,0,58,1,5
8.94,0,50,78,58,0,1,8,19,147,0,72,1,5
8.19,0,33,61,61,2,2,2,117,107,0,84,1,4
5.64,0,70,88,97,5,0,3,119,36,5,55,1,4
5.44,0,65,30,51,0,1,4,151,41,0,93,1,10
8.55,0,57,53,88,4,0,7,138,36,2,52,0,7
6.21,4,37,56,68,1,1,5,130,111,0,55,1,1
9.41,0,38,45,28,11,0,2,574,250,0,74,1,3
9.8,0,75,59,63,6,0,0,42,98,0,60,1,5
6.33,1,57,84,93,8,0,7,183,38,2,73,1,11
5.68,0,37,58,70,10,0,6,168,113,1,76,1,1
5.49,0,58,92,62,8,0,1,70,80,4,42,1,1
7.88,1,44,73,49,6,3,8,101,159,0,67,1,2
5.94,2,89,59,60,5,0,2,34,32,0,87,0,10
5.74,0,83,70,69,4,0,2,224,32,1,60,1,2
7.16,1,65,72,74,5,2,2,1,267,0,74,0,10
7.77,0,69,57,74,3,0,0,135,15,0,45,1,6
8.04,0,58,52,84,1,1,0,399,140,0,80,1,3
7.9,0,37,100,79,3,1,2,254,279,1,63,0,7
5.36,0,81,61,82,1,1,6,123,187,0,81,1,9
8.43,0,74,72,60,3,0,3,216,56,0,82,1,4
5.19,0,42,45,67,1,0,3,98,131,0,58,1,5
7.65,0,53,45,70,4,1,3,161,16,0,100,1,9
6.81,1,57,37,81,0,0,1,14,45,3,23,0,8
5.51,2,53,87,33,3,2,2,359,191,0,33,0,11
4.56,0,63,36,51,9,1,6,126,37,1,65,1,8
7.0,0,76,62,42,7,0,2,256,50,0,57,1,4
6.76,2,73,37,39,2,1,1,246,75,3,88,1,1
8.73,2,65,69,54,2,0,1,79,108,0,64,0,8
6.54,0,34,76,39,4,1,8,235,44,0,54,1,6
9.4,1,75,91,78,4,0,0,303,48,1,72,1,5
6.27,1,63,56,74,0,0,1,383,33,2,42,0,8
9.36,0,61,15,39,3,2,8,289,17,1,85,1,8
7.09,0,43,19,64,0,0,0,211,115,0,35,0,6
8.8,1,52,52,51,10,1,7,153,1,1,66,1,9
6.15,5,79,60,61,1,1,2,73,9,4,66,1,9
8.46,1,69,100,52,5,2,0,151,1,1,86,1,5
7.55,2,80,28,78,11,0,0,204,5,1,96,1,3
8.17,1,100,69,86,2,2,4,51,0,1,59,1,9
5.39,1,61,58,66,1,1,0,119,117,1,92,0,9
5.55,0,64,51,6,5,1,1,23,106,0,49,0,8
8.53,3,44,87,68,2,0,1,114,27,1,62,1,9
6.32,0,52,63,60,2,2,1,218,28,0,71,1,2
6.49,4,42,58,36,4,0,5,25,117,0,18,0,9
5.84,3,88,51,73,2,1,2,4,321,1,68,1,10
8.12,5,59,66,42,11,0,3,307,8,0,65,0,11
7.21,2,24,87,67,0,0,6,127,48,0,76,1,1
8.54,0,66,34,58,7,0,0,212,192,1,75,0,12
5.45,0,99,85,62,2,0,4,329,171,0,38,1,3
6.21,0,81,68,67,0,2,6,155,107,2,70,1,12
5.01,3,87,44,75,0,0,5,122,97,0,47,1,8
7.07,4,70,46,61,7,1,6,11,121,2,93,0,8
8.54,1,58,100,55,3,0,5,9,47,0,99,0,9
6.56,0,33,35,76,1,0,3,127,152,0,79,0,7
7.98,1,72,68,77,1,0,3,36,106,0,74,0,8
7.35,0,78,71,57,0,0,3,117,37,0,100,0,8
5.58,0,65,62,46,4,1,5,163,140,1,93,1,9
8.1,2,79,23,48,9,0,3,340,128,0,75,0,7
9.76,1,44,66,83,5,0,1,181,30,3,94,1,10
9.42,3,57,64,75,0,1,1,216,141,0,55,1,9
9.51,1,47,32,68,7,0,1,1,100,3,84,1,7
5.3,2,43,77,85,3,2,1,136,42,1,65,0,7
8.36,0,35,70,68,3,0,0,121,72,2,65,1,9
8.98,3,79,38,72,4,0,4,66,39,1,75,1,11
5.5,0,56,68,46,2,2,1,216,120,1,88,0,6
8.56,0,42,51,50,1,1,6,185,105,1,85,1,4
7.46,0,63,65,62,2,1,4,294,49,0,50,0,12
7.65,2,52,75,45,0,0,4,9,102,1,68,0,11
9.03,1,56,62,78,6,1,1,99,21,0,53,0,8
8.96,0,60,84,66,2,0,0,25,190,2,58,1,9
5.53,1,76,72,82,2,0,3,19,179,0,62,0,6
6.13,0,97,65,74,9,0,1,52,80,0,40,1,2
9.84,2,52,60,49,8,1,0,33,113,0,34,1,8
8.42,2,27,60,100,2,1,0,25,25,0,73,1,1
8.19,2,52,28,67,2,0,6,24,215,0,61,1,10
7.71,0,47,85,66,3,0,1,76,83,2,53,1,10
7.65,1,82,63,65,4,2,6,334,55,0,70,0,6
6.94,0,53,47,41,1,1,3,76,191,4,50,0,11
5.53,0,81,53,74,0,1,0,17,79,0,75,0,12
5.89,1,67,24,86,4,2,8,265,63,0,65,1,7
6.71,0,54,85,68,2,0,2,155,104,2,42,1,12
8.48,3,56,28,9,6,3,0,23,14,0,100,1,6
6.57,5,75,62,43,12,0,8,201,75,0,81,1,5
5.14,1,52,43,61,0,1,4,224,51,0,58,1,7
9.64,0,76,54,37,1,0,3,74,21,0,65,1,6
4.81,0,53,48,60,3,0,7,185,59,0,62,1,9
7.84,1,79,82,92,5,0,1,32,16,0,66,1,10
9.0,0,46,51,52,2,3,0,89,174,0,42,1,2
4.57,1,49,64,56,0,0,8,169,58,0,68,0,6
6.12,1,62,48,66,2,0,8,56,113,0,53,0,11
6.1,0,81,84,43,4,3,6,139,173,1,53,0,12
9.73,0,62,37,61,3,0,8,105,59,2,100,1,3
8.73,2,51,49,75,3,1,2,46,121,0,50,1,6
4.99,0,59,33,38,6,0,3,192,8,5,74,1,5
9.36,0,61,42,75,8,0,10,136,15,0,75,1,5
8.02,0,96,72,40,4,1,7,102,49,0,79,1,2
9.75,0,91,52,70,4,1,6,167,151,0,61,1,11
9.36,1,42,43,81,2,0,1,157,89,3,71,1,7
6.64,0,57,63,19,2,0,4,201,9,1,83,0,8
5.48,1,41,53,13,7,3,8,367,253,0,52,1,7
9.5,3,72,70,57,4,1,0,78,38,0,53,0,9
6.57,0,83,78,64,3,2,2,120,44,0,44,1,1
9.23,1,63,29,17,1,2,1,150,48,0,53,1,8
9.63,1,70,80,55,2,3,2,84,46,0,61,1,12
5.96,1,68,74,65,6,0,1,185,221,0,86,0,10
7.93,0,54,82,48,6,2,1,118,133,1,84,1,5
6.72,1,85,32,83,7,2,0,230,170,1,34,1,10
5.35,2,72,64,45,2,0,5,192,175,0,67,0,8
6.02,0,60,61,64,10,0,2,12,103,0,60,0,11
8.14,0,67,71,80,9,0,3,95,94,0,69,1,4
6.83,0,67,68,52,0,0,6,4,22,1,77,1,10
8.7,0,41,42,56,1,1,2,174,24,0,65,0,10
6.92,5,49,48,80,8,1,5,61,69,0,28,1,10
9.98,0,85,69,70,8,0,7,23,14,0,83,1,4
6.49,1,39,71,54,3,0,4,56,76,3,86,1,6
8.52,0,46,62,77,2,2,1,190,146,0,75,0,12
8.08,5,55,50,52,0,2,8,251,62,0,67,1,9
5.02,0,59,62,66,4,0,9,9,82,1,44,1,7
8.17,0,47,20,52,3,1,9,278,85,4,56,0,7
9.69,3,44,60,69,1,0,7,188,73,1,83,1,9
5.1,0,74,35,61,4,2,0,50,17,0,40,1,3
6.11,0,49,37,24,2,0,4,280,97,1,60,1,12
6.7,0,75,73,60,0,3,2,123,110,1,83,1,8
8.13,5,70,35,47,1,1,0,27,163,3,54,0,6
9.45,3,54,36,67,5,0,3,271,39,0,43,1,4
8.71,0,24,71,84,8,0,3,47,97,0,33,0,11
7.18,2,56,32,83,1,2,4,68,97,0,86,0,6
8.99,0,86,48,46,10,1,4,96,135,2,28,1,10
6.54,2,60,49,95,5,1,9,184,17,2,78,0,9
9.3,3,72,63,35,2,0,8,100,50,2,45,1,6
7.17,4,55,29,24,5,3,4,36,102,0,73,0,12
5.29,2,100,76,34,5,1,2,122,32,0,53,0,7
6.52,0,78,100,78,0,0,4,144,160,0,93,0,11
6.61,0,76,78,48,3,1,2,141,70,3,78,1,12
7.56,3,65,43,64,4,0,2,157,49,0,58,0,11
9.1,2,67,57,95,8,1,2,162,35,2,86,1,7
5.14,1,83,34,50,3,0,2,104,117,0,69,0,7
5.95,0,61,59,39,6,1,2,76,103,3,34,1,1
7.49,1,60,37,75,8,0,0,28,103,0,74,0,7
9.49,2,74,63,45,8,0,1,111,161,0,100,1,3
6.66,0,34,55,66,4,1,5,61,7,1,71,0,11
5.92,3,81,58,66,8,2,2,164,72,1,62,1,12
7.94,2,91,65,25,7,0,2,54,17,1,74,0,10
7.07,0,32,58,34,3,0,9,114,116,0,76,0,10
5.55,4,74,35,37,1,0,1,214,3,1,70,0,12
5.19,0,63,81,30,7,1,0,116,61,1,56,0,9
7.98,0,67,33,90,2,0,3,93,49,1,53,1,8
7.86,0,45,65,100,4,0,6,24,53,1,95,1,9
5.63,0,64,40,83,2,1,8,18,69,0,84,1,10
6.92,0,80,49,40,4,0,5,56,12,0,53,1,5
7.9,0,82,15,79,6,1,8,93,89,0,48,1,10
7.9,2,54,37,72,5,1,7,1,64,3,73,0,7
7.6,0,99,63,61,8,1,5,116,32,1,82,1,12
5.66,0,52,97,70,0,0,4,418,9,1,44,1,5
8.57,0,84,46,64,2,1,5,261,31,3,77,1,10
9.89,0,69,34,57,3,0,4,89,103,0,41,1,7
7.7,0,61,54,35,3,0,2,113,51,0,31,1,9
5.27,0,82,53,52,3,1,0,156,42,0,82,1,6
9.77,0,85,40,60,4,0,2,85,64,0,39,0,10
9.04,3,60,25,44,5,1,3,209,58,2,71,1,3
7.46,0,47,83,77,4,0,3,120,17,0,58,0,7
6.6,5,49,73,70,2,0,0,256,137,4,57,1,4
5.43,4,31,51,90,0,0,7,249,39,0,74,1,9
4.51,0,40,63,84,2,0,6,207,184,1,45,0,8
9.89,0,77,54,67,3,0,1,203,89,0,78,1,8
6.29,3,85,52,35,4,0,1,263,120,0,100,0,10
9.41,1,65,74,48,0,0,3,45,59,0,100,0,6
8.84,4,68,44,55,4,2,1,172,12,0,67,1,12
9.56,2,62,77,88,6,0,8,158,1,0,58,1,4
9.17,0,55,72,49,1,0,0,65,120,0,79,1,3
7.53,2,67,62,78,8,2,2,177,84,0,75,1,7
5.51,3,87,44,57,4,0,1,24,90,1,75,0,11
6.55,1,39,49,46,1,1,8,29,65,0,100,0,9
8.36,0,100,45,33,0,0,4,181,198,0,100,0,10
6.15,3,65,53,75,7,1,3,180,91,3,61,0,8
8.86,1,52,53,35,6,0,4,105,103,2,92,1,2
8.16,0,23,55,50,0,0,0,40,105,2,81,0,9
7.45,5,65,100,45,0,1,4,78,134,0,29,0,11
9.97,5,59,55,56,1,1,1,280,58,1,100,1,5
4.59,2,72,71,59,6,0,4,110,1,1,48,0,6
5.27,1,88,66,31,0,0,2,174,77,1,89,1,5
6.73,0,51,80,62,3,0,5,33,110,0,74,1,1
8.87,0,63,60,70,2,0,0,75,7,1,84,1,2
8.73,0,38,41,55,6,0,5,130,107,0,59,1,5
7.46,0,73,53,64,7,0,8,158,139,0,77,1,5
8.53,3,28,50,81,4,3,0,64,51,0,44,0,8
6.55,2,75,53,78,6,0,5,100,26,0,100,0,11
8.79,0,91,57,30,6,0,5,16,29,1,67,1,9
6.07,2,76,56,76,1,0,2,305,34,0,48,0,12
5.91,0,19,68,80,7,2,1,14,55,0,74,0,11
5.81,0,51,93,69,0,0,5,177,101,0,90,1,2
8.8,1,86,70,53,5,0,8,204,216,1,94,1,8
8.85,0,61,46,50,2,1,5,315,90,0,52,1,6
9.82,0,98,14,87,4,0,10,87,112,0,53,1,7
4.99,3,71,49,77,8,0,2,180,52,0,66,1,12
7.92,1,81,43,66,3,1,0,119,121,1,57,0,9
9.07,1,90,48,29,3,1,3,189,150,0,63,1,3
5.02,1,70,38,58,9,1,6,287,40,1,75,0,10
5.2,0,57,48,63,2,1,2,163,4,0,64,0,6
7.94,3,51,25,73,4,0,6,146,89,1,74,0,12
7.8,3,34,81,77,7,1,0,8,35,0,57,1,4
7.35,0,51,23,93,3,1,9,290,94,1,80,0,7
7.18,0,52,33,62,0,0,1,285,64,0,63,1,2
6.86,0,29,50,80,3,0,8,165,11,0,62,1,4
9.77,4,69,56,67,3,1,3,143,118,1,54,1,7
7.61,0,37,32,32,8,0,0,235,45,0,41,1,2
7.8,0,77,53,57,8,0,6,391,72,0,42,1,7
8.77,0,37,68,62,1,1,1,45,44,2,44,1,3
9.68,1,56,68,80,7,1,5,117,1,0,66,0,12
9.07,5,72,51,52,4,2,0,426,80,4,46,1,2
4.88,0,60,84,53,2,0,0,55,55,2,53,1,10
8.24,0,73,42,62,6,3,1,185,120,0,62,1,5
4.61,0,67,46,42,0,1,8,101,79,0,35,0,7
5.33,2,52,45,59,5,2,2,57,171,0,31,0,8
6.94,0,91,76,40,1,0,7,165,25,0,57,1,5
5.3,3,100,78,52,2,1,1,176,53,5,32,1,4
9.17,0,53,93,96,3,0,9,256,12,2,56,0,9
8.33,0,42,56,51,1,0,5,43,76,0,59,0,7
4.86,4,50,74,46,6,0,0,18,91,3,62,1,9
4.61,0,33,82,44,7,1,6,175,51,0,68,1,3
7.46,4,74,69,51,4,0,2,213,46,0,61,0,11
9.74,1,49,35,32,10,0,2,61,38,1,64,1,10
5.67,1,66,67,58,7,1,1,284,101,2,76,0,9
7.3,0,88,49,41,2,0,2,11,35,2,33,0,9
7.29,4,72,49,68,3,1,10,282,121,2,70,0,11
5.08,5,82,79,28,5,0,5,88,47,0,97,1,3
4.88,3,50,58,80,3,0,2,75,14,2,69,0,7
5.78,0,76,55,72,5,0,8,196,0,3,78,1,10
6.59,0,65,30,67,7,2,3,194,78,0,93,1,4
4.93,0,84,62,54,0,1,4,3,103,1,54,1,10
8.29,1,53,31,74,8,0,7,4,80,2,60,1,1
5.63,2,42,37,83,0,0,7,28,35,0,90,1,1
4.6,4,86,86,53,6,0,6,0,88,1,63,1,5
9.57,0,87,93,72,2,0,2,256,40,0,66,1,12
4.51,4,70,68,60,5,1,5,143,158,0,81,0,9
5.15,1,49,46,52,2,0,0,267,14,2,54,0,12
7.85,1,59,60,42,6,3,4,209,141,1,100,1,12
5.29,5,91,97,85,8,0,0,100,24,1,49,0,9
7.08,0,66,92,55,11,0,8,139,147,0,50,1,5
9.59,3,69,73,86,1,1,2,19,170,0,58,1,2
4.82,2,62,54,100,2,0,2,41,142,0,83,0,8
8.38,0,38,79,63,5,1,4,49,2,1,33,1,12
9.5,1,53,63,82,3,1,1,204,41,0,65,0,12
9.88,0,40,69,58,2,2,3,54,152,1,64,1,2
5.67,0,76,65,77,1,1,2,269,37,0,61,0,7
8.52,0,74,55,71,2,0,4,162,35,0,75,1,12
4.81,0,75,67,70,5,0,1,260,90,1,66,0,9
6.64,0,90,57,59,0,1,1,118,63,1,79,0,8
6.09,0,100,64,66,3,0,2,78,102,0,39,0,10
5.57,3,85,11,64,6,0,4,8,132,0,68,1,2
9.61,0,40,63,51,3,1,1,293,94,0,91,1,5
8.33,2,77,65,88,3,2,2,87,201,1,66,1,3
6.89,4,78,60,81,5,1,0,90,15,0,41,0,7
8.2,0,60,38,43,2,1,0,306,184,0,84,1,12
5.42,3,36,96,32,8,1,0,131,138,1,65,0,9
5.84,4,59,84,43,2,2,5,29,30,0,62,0,12
7.33,1,79,73,39,5,0,2,21,41,1,62,1,1
7.58,0,68,36,80,4,1,1,14,161,1,91,0,8
4.7,0,57,72,44,4,0,0,47,57,5,74,1,9
9.8,1,60,52,82,8,0,0,279,109,2,75,1,7
4.57,4,65,51,54,8,0,6,51,114,0,46,1,2
5.96,3,67,54,45,4,1,4,199,147,4,53,0,9
8.56,1,73,49,55,7,1,6,146,124,0,76,1,5
4.63,4,57,64,78,5,3,7,292,24,3,41,1,5
9.67,0,70,63,100,7,1,1,290,23,0,43,1,3
6.91,2,84,96,76,5,0,1,432,71,0,68,1,10
8.75,3,90,54,77,5,3,4,279,70,0,78,1,7
8.5,0,72,60,76,5,2,0,123,77,5,56,1,4
8.68,0,49,56,52,6,0,5,388,87,2,68,1,1
4.69,0,65,66,62,12,1,1,242,64,0,92,0,10
6.67,0,70,70,60,4,0,5,135,82,0,77,0,8
7.77,3,56,46,47,1,0,7,383,53,2,60,1,7
9.97,0,63,50,69,2,0,0,30,20,0,73,0,11
7.23,4,71,28,89,3,1,2,170,72,0,65,1,1
7.0,0,56,29,53,0,0,0,267,34,0,68,1,6
6.08,1,59,42,73,7,0,2,142,55,0,57,1,1
5.02,5,62,47,74,1,0,4,296,121,0,52,0,12
6.56,2,76,73,80,1,2,2,79,27,1,54,1,7
4.87,0,38,57,50,1,2,5,130,63,1,54,0,6
6.42,4,82,58,44,10,0,2,13,94,0,78,1,1
4.78,0,56,66,48,3,1,7,175,28,1,16,1,2
4.71,0,50,38,79,2,1,6,9,171,0,53,0,12
9.09,0,86,79,75,0,1,3,12,23,0,80,1,4
7.46,2,84,55,54,6,0,7,155,26,0,94,0,8
8.4,0,49,39,66,2,0,2,37,80,0,65,1,4
6.57,0,56,32,71,2,0,0,56,29,5,51,0,6
9.23,1,58,100,67,8,1,3,307,1,0,73,1,5
5.47,0,73,50,45,3,0,0,95,202,0,85,1,3
9.43,0,78,75,76,3,0,2,230,128,0,63,1,3
9.46,0,82,39,86,3,1,0,374,23,0,77,1,4
7.61,0,55,83,39,6,0,1,118,83,0,63,1,9
8.84,0,36,41,76,3,0,0,82,40,0,91,1,1
6.73,1,75,91,75,0,0,3,420,52,0,74,1,10
8.46,0,44,64,68,10,0,9,308,98,2,35,1,2
5.53,0,90,42,60,2,0,2,271,20,2,62,0,6
9.36,1,68,34,85,5,2,7,3,201,2,83,0,8
5.68,0,71,96,54,0,0,2,34,10,1,54,0,12
6.08,1,43,74,58,2,0,2,60,134,1,68,0,9
6.45,0,52,70,22,4,0,1,269,113,0,58,0,6
5.73,2,86,77,57,0,2,3,72,118,4,63,1,3
9.58,3,54,65,78,6,0,8,135,111,0,70,1,2
9.28,3,62,68,33,0,1,1,11,37,3,53,0,9
5.39,4,84,50,38,0,2,3,262,89,0,70,1,9
5.5,0,96,79,65,7,1,7,69,47,0,62,0,11
4.82,3,83,34,53,4,1,3,51,92,0,71,1,10
9.18,1,62,67,62,3,1,0,21,47,0,40,1,1
7.6,2,63,52,57,1,1,0,109,128,0,49,1,7
6.01,3,55,94,69,3,0,2,185,110,0,47,1,11
4.58,0,67,-9,48,4,1,4,150,67,2,70,1,2
7.82,5,66,81,64,0,3,1,1,97,2,50,1,10
8.41,0,34,45,40,0,1,3,126,275,0,52,1,1
8.54,0,98,46,46,1,2,6,11,19,0,71,0,12
6.22,0,83,74,39,2,2,2,39,56,0,65,1,8
9.86,0,64,78,72,6,0,0,70,127,0,85,1,4
9.44,2,74,30,73,6,0,6,232,8,0,52,1,11
5.08,0,77,93,78,6,0,1,252,78,0,58,0,12
9.94,0,87,73,38,2,2,1,133,156,0,77,1,3
5.66,4,92,77,66,10,3,2,69,22,3,48,0,10
6.74,0,78,65,39,6,1,2,77,38,0,47,0,9
7.14,1,98,42,49,8,3,9,251,47,2,67,1,12
6.13,0,20,79,30,6,0,0,120,122,1,70,1,3
4.55,0,85,49,96,4,0,1,279,101,1,64,1,7
8.51,0,100,42,76,4,0,6,203,155,5,80,1,8
6.48,1,37,36,38,0,0,2,216,58,0,40,0,10
8.19,0,73,83,54,4,0,0,408,31,0,21,1,9
9.74,0,50,100,69,1,2,2,28,130,0,53,1,11
9.84,2,74,55,51,4,1,5,128,132,0,63,0,10
6.44,3,68,58,69,4,0,4,130,96,0,71,1,8
6.54,0,47,81,64,10,0,0,324,38,0,53,1,12
6.67,4,71,36,44,10,2,0,53,154,0,68,0,11
5.6,1,50,40,90,5,2,1,64,111,2,40,0,12
9.21,0,90,33,48,0,1,4,359,214,0,60,1,11
5.26,2,47,60,87,5,0,1,331,10,4,90,1,12
6.25,1,65,36,100,1,0,9,232,35,0,60,0,12
7.8,0,63,68,60,5,1,2,39,165,0,47,1,8
7.22,0,75,60,66,9,1,4,132,93,0,70,1,10
5.77,0,66,72,79,4,0,0,123,237,0,36,0,12
6.29,0,91,89,56,8,0,3,23,72,0,69,0,11
6.96,1,59,70,50,3,1,1,125,122,2,64,0,11
9.76,3,37,98,56,3,0,5,121,135,1,100,1,7
6.01,1,54,68,72,5,0,1,19,145,0,70,1,11
4.5,0,51,16,83,4,1,1,70,126,0,56,0,6
5.49,2,97,28,63,2,1,7,11,88,1,68,0,8
5.98,0,58,53,37,5,0,7,227,29,1,69,1,8
6.17,0,51,61,80,4,3,0,246,22,1,77,1,3
4.94,5,47,61,52,3,2,9,85,39,1,84,1,3
5.13,0,81,67,56,6,3,4,178,11,0,78,0,10
5.24,0,31,63,100,6,3,0,185,10,2,68,0,9
9.61,0,97,52,65,0,0,0,177,206,0,84,1,10
7.2,0,67,53,91,10,0,1,197,80,0,75,1,7
4.73,0,47,46,71,0,2,2,304,87,0,59,0,12
8.09,0,61,55,38,4,2,2,18,84,0,44,1,3
5.58,0,46,81,46,2,1,7,98,67,0,65,1,3
9.58,5,63,89,74,12,0,2,82,10,0,55,1,11
8.21,1,49,44,66,0,2,5,192,154,1,61,1,8
8.64,0,100,75,51,3,1,0,95,110,0,60,0,10
8.84,4,70,82,78,0,1,4,117,177,2,70,0,9
7.73,0,45,33,100,3,1,4,87,25,3,46,0,9
9.29,0,93,72,75,8,1,2,221,5,0,68,1,5
5.61,1,92,84,81,5,0,5,165,172,1,75,1,5
8.93,1,73,87,56,9,0,3,411,39,3,40,1,7
5.38,0,28,20,43,3,1,3,222,48,0,70,1,2
7.94,0,59,73,47,7,1,10,171,1,0,81,1,11
8.94,1,66,51,68,5,1,0,313,56,0,71,1,11
8.97,1,66,55,40,0,1,2,278,198,3,100,0,8
9.14,0,75,68,26,2,0,1,7,113,0,48,1,7
6.23,4,52,72,87,3,1,6,31,71,2,75,0,6
5.84,0,37,62,46,1,1,8,328,110,0,60,0,6
9.01,0,66,58,74,4,0,8,308,154,0,61,1,3
6.62,0,67,42,43,2,3,7,327,132,1,61,0,7
7.7,1,45,67,64,6,1,1,167,30,1,57,1,5
5.22,0,12,79,59,2,2,2,152,115,2,100,0,12
9.82,0,49,62,36,8,0,2,249,132,0,97,1,11
7.07,1,79,63,91,4,2,3,74,208,0,80,1,4
9.08,0,78,78,57,6,1,2,7,55,0,88,1,11
8.62,3,38,57,70,3,1,7,43,110,0,51,1,9
5.23,0,100,57,70,2,0,0,177,33,1,47,1,2
6.87,0,45,37,48,6,1,9,282,99,1,56,1,12
6.5,0,72,43,30,4,0,1,75,22,0,48,0,9
4.52,1,91,45,55,3,1,4,156,101,1,61,0,8
8.38,1,84,41,56,8,0,8,42,108,0,70,0,10
6.36,0,72,50,45,7,0,2,331,152,3,100,1,12
9.42,0,64,86,72,2,3,5,91,62,1,57,1,9
7.62,4,80,33,74,7,0,7,51,12,0,68,1,2
8.91,4,58,93,61,2,3,1,52,91,0,19,1,8
6.44,0,74,58,70,2,1,4,25,65,0,80,1,1
5.82,1,92,68,5,9,1,0,129,199,4,52,1,9
8.23,3,57,88,58,3,0,6,3,113,2,44,1,1
9.37,0,66,43,99,0,0,6,398,31,2,63,1,9
8.29,2,55,72,37,2,1,8,107,154,0,57,0,6
7.04,0,54,59,33,10,3,8,19,102,1,83,1,8
7.49,3,51,60,53,2,0,10,130,70,3,19,0,9
7.33,2,41,32,58,1,0,3,552,10,1,47,0,7
6.89,2,46,48,59,5,0,7,22,69,2,49,0,7
9.52,1,100,30,59,6,0,3,43,54,1,85,1,7
5.8,1,43,52,71,1,0,7,67,26,0,64,0,7
4.63,1,73,80,78,1,0,1,172,5,2,40,0,8
7.34,0,46,77,60,3,1,8,130,5,0,73,1,2
8.19,3,55,93,42,5,0,2,105,29,0,63,1,5
5.18,0,88,72,59,3,3,2,281,24,4,63,1,9
6.23,1,77,64,46,9,0,8,319,89,0,67,1,12
9.1,1,45,61,65,3,0,6,10,61,3,47,1,2
9.48,2,100,69,38,3,2,1,105,42,0,78,1,1
6.14,3,56,50,52,2,1,3,138,224,2,56,0,7
8.36,1,66,82,71,1,2,4,327,133,5,50,0,6
9.72,0,55,41,-1,2,0,0,219,49,0,77,0,6
6.99,2,73,28,73,1,3,7,215,52,1,56,1,3
7.01,3,39,42,60,1,1,3,66,123,0,66,0,10
4.9,3,51,90,42,5,0,4,83,78,0,70,1,8
5.5,0,51,79,53,3,2,4,114,34,2,68,1,1
6.37,0,72,77,54,1,0,4,334,21,0,82,0,8
9.14,4,65,70,65,6,0,3,445,107,0,79,1,4
4.62,1,70,82,71,7,1,2,399,176,3,57,0,9
4.58,3,83,57,18,4,1,0,11,82,0,79,0,6
9.79,3,67,67,36,2,0,2,134,15,0,71,1,6
8.29,5,86,67,78,3,0,2,133,120,1,100,1,8
4.77,1,61,55,56,5,1,3,117,174,1,62,0,6
7.34,0,51,62,26,1,2,7,384,166,0,68,1,11
6.43,5,49,13,23,8,0,1,122,53,0,71,0,10
8.87,0,60,43,49,7,0,5,364,161,1,74,0,8
6.78,0,62,72,75,7,0,7,246,2,0,65,0,11
4.54,1,44,46,64,3,0,1,275,7,0,92,0,11
8.03,4,60,46,65,7,3,7,43,60,0,75,1,6
7.65,0,83,59,69,6,0,2,20,38,0,87,1,11
6.7,0,42,79,52,1,0,6,94,89,5,12,0,10
6.94,3,45,40,66,4,1,3,235,6,1,68,1,8
9.78,0,35,12,60,8,0,1,15,25,0,61,1,8
8.98,3,55,63,45,2,1,1,148,86,0,83,0,11
9.81,1,94,50,62,5,1,1,31,10,3,60,1,3
7.76,1,52,-11,75,0,0,0,55,59,2,36,0,7
7.46,0,55,55,62,3,0,5,166,55,0,64,1,5
4.85,3,43,56,45,8,1,2,176,168,0,85,1,10
4.53,1,67,46,77,7,3,6,244,74,0,56,1,6
9.21,0,72,100,56,9,0,1,16,219,0,85,1,2
9.47,0,87,37,66,4,0,5,109,44,3,51,1,11
6.32,0,72,54,100,8,1,7,76,20,0,30,1,12
7.42,0,77,95,23,7,1,4,12,69,0,100,1,6
5.38,4,63,62,50,6,1,6,92,2,0,23,1,1
6.54,3,90,52,56,0,0,4,24,63,1,53,0,8
8.65,0,60,64,83,0,2,6,183,138,0,39,0,6
9.07,0,44,75,76,7,1,1,535,93,0,64,1,7
8.39,0,86,48,58,0,1,5,5,109,0,97,1,6
5.32,1,81,85,45,6,1,0,134,98,5,64,0,10
7.28,0,57,75,64,8,0,1,390,92,0,64,1,1
8.44,5,61,59,77,6,1,8,45,11,2,38,1,8
6.77,0,100,56,92,2,1,7,386,125,3,71,1,11
5.87,0,48,49,83,6,0,2,23,36,1,71,0,10
7.94,0,47,51,61,2,1,0,220,86,1,86,1,4
8.78,0,64,67,60,6,0,5,409,172,2,54,1,6
9.87,0,58,68,60,3,2,1,182,7,0,79,1,7
4.77,2,98,-5,62,3,2,1,149,45,0,87,1,4
5.19,2,68,30,26,4,1,3,78,36,1,31,1,2
9.51,4,55,71,67,0,0,0,371,98,0,50,1,10
6.04,0,76,77,74,0,0,1,44,86,0,48,0,12
4.96,2,87,40,47,7,0,1,319,137,0,48,0,11
5.41,1,89,72,72,7,0,3,111,172,3,53,0,12
6.41,5,72,17,76,5,1,0,362,66,3,76,1,2
9.49,0,69,48,78,3,0,2,89,183,0,73,1,6
8.14,1,56,44,80,6,0,2,204,56,1,44,0,8
9.31,0,56,35,52,6,0,3,154,34,0,65,1,3
7.47,2,23,54,53,4,3,0,133,96,1,69,0,6
5.42,0,68,54,59,7,0,2,55,170,2,65,1,10
9.2,0,43,77,75,6,0,9,221,90,1,100,1,5
7.87,5,68,66,91,6,0,3,210,211,0,56,1,3
8.34,1,59,66,61,10,1,6,320,73,2,56,1,1
7.65,0,91,70,99,6,1,1,412,78,0,74,1,11
7.11,0,24,39,65,12,0,6,366,88,1,35,1,5
8.7,3,58,68,90,6,3,0,59,150,0,52,0,6
6.27,4,78,59,68,1,2,3,412,88,0,71,1,10
6.24,3,76,35,47,2,2,2,270,84,1,71,1,4
6.72,3,47,69,60,9,1,4,104,63,0,67,1,4
7.42,0,63,71,50,0,0,5,20,27,3,85,0,6
8.01,4,53,35,59,5,1,9,274,25,0,78,1,3
9.95,1,65,43,37,0,0,6,62,53,4,82,1,3
9.65,1,34,46,34,2,2,2,58,164,2,36,1,11
8.89,4,92,49,83,7,0,6,446,149,0,77,0,9
7.11,0,69,66,53,2,0,8,24,133,2,34,0,10
4.88,1,61,72,38,0,1,5,489,199,0,51,0,12
8.51,0,84,53,100,3,1,7,111,217,1,37,0,11
5.22,0,47,55,99,8,1,9,201,227,0,78,1,3
9.57,4,80,97,57,3,0,5,186,72,0,58,1,5
9.16,0,24,60,91,2,0,3,351,115,2,45,1,1
5.82,0,10,37,72,0,1,10,355,133,2,62,0,12
6.13,0,80,49,63,6,3,1,259,51,0,67,1,12
6.99,0,92,45,74,3,1,0,131,25,3,77,0,12
7.23,0,81,46,46,0,1,6,1,41,0,52,0,7
4.97,0,72,64,43,1,1,1,4,218,3,64,1,10
6.88,0,76,87,71,2,0,0,39,64,0,41,0,11
10.0,1,64,69,41,6,1,5,8,91,1,71,1,11
7.09,0,86,88,66,1,0,7,34,345,0,12,0,8
8.02,0,85,77,54,8,1,1,90,108,0,34,0,10
6.57,4,66,77,95,0,0,1,118,40,0,76,1,12
6.57,0,55,60,51,6,0,7,44,80,0,100,0,7
5.07,0,25,61,78,5,2,6,203,52,0,63,1,4
8.89,5,34,77,41,5,0,5,266,60,0,55,1,12
9.31,0,70,72,54,0,0,6,39,63,1,77,0,12
7.23,0,43,69,65,4,0,2,32,38,0,81,1,2
6.34,3,72,27,58,2,0,3,1,46,0,76,0,11
7.71,3,72,70,87,5,0,2,368,42,0,46,1,4
9.64,0,43,40,35,4,1,3,288,61,2,72,0,9
7.0,4,98,82,44,2,2,10,28,48,1,49,1,3
9.87,1,28,80,72,5,1,6,312,14,0,76,1,4
8.85,0,94,76,69,5,0,4,119,101,0,43,0,11
7.12,0,23,69,74,3,0,3,13,69,1,69,1,10
5.8,0,36,49,80,9,0,1,420,14,0,60,0,9
8.48,5,81,59,100,2,0,0,99,40,0,37,1,11
4.97,2,75,25,28,3,1,9,206,74,0,38,0,7
9.84,1,65,60,52,0,3,0,188,29,0,37,1,5
6.26,0,49,62,70,8,0,0,24,61,1,66,1,11
9.85,0,77,80,62,5,2,3,474,67,1,71,1,7
9.49,2,72,81,97,8,0,5,149,153,0,45,1,10
9.67,1,45,38,56,8,3,3,252,23,0,44,1,10
6.22,1,58,67,43,3,2,5,242,70,0,58,1,10
6.87,0,100,52,53,2,0,4,52,70,0,21,0,7
9.32,0,78,56,35,4,0,1,157,62,1,54,1,11
9.91,2,73,58,66,3,0,2,168,37,1,68,1,10
9.03,0,61,68,54,0,1,3,113,103,0,92,1,7
5.49,5,65,62,48,10,0,3,129,51,4,71,0,6
5.59,0,64,100,45,3,0,0,7,97,0,58,0,9
7.07,4,45,38,100,6,2,8,25,31,1,87,1,5
9.72,0,83,96,67,7,1,1,296,92,1,59,1,11
9.57,1,47,87,46,5,1,5,238,144,0,53,1,11
5.56,0,71,91,91,0,0,3,197,64,0,79,1,2
8.68,0,81,54,66,5,3,8,196,50,0,76,1,8
6.35,5,84,37,100,1,1,1,385,25,0,62,0,12
5.65,0,77,37,15,4,0,1,129,105,1,79,1,4
8.93,0,57,73,52,1,1,6,156,114,2,68,1,2
5.43,2,60,54,89,0,1,6,44,72,1,86,0,7
8.02,1,87,48,47,6,1,0,170,60,1,100,1,9
8.74,0,42,74,37,11,0,4,198,3,2,78,1,9
5.42,0,91,43,84,6,1,2,181,23,1,73,1,5
6.74,1,50,75,58,2,0,1,69,107,0,59,1,10
6.79,0,100,50,73,4,0,1,180,141,4,73,1,6
5.23,1,46,32,36,3,0,5,95,158,0,92,1,4
4.57,1,76,46,66,4,0,9,19,146,0,51,0,9
9.87,2,63,92,28,6,0,0,88,50,0,59,1,7
4.78,0,74,89,93,7,0,1,223,74,0,34,0,6
4.88,1,39,45,49,4,1,1,56,40,5,56,0,8
7.15,1,42,50,74,0,2,1,117,99,0,100,0,10
5.36,0,53,48,47,3,2,8,83,177,0,89,1,6
4.75,2,19,71,58,6,0,4,112,117,2,67,0,9
7.53,0,72,47,56,1,0,6,28,100,0,64,1,3
9.17,0,73,81,52,8,0,2,350,12,1,69,1,8
7.86,0,50,100,25,10,1,4,135,184,2,68,1,12
7.07,0,78,68,85,4,3,8,100,36,0,47,1,11
6.43,1,94,61,95,2,1,8,183,122,0,81,1,10
8.47,0,53,89,50,3,2,4,120,92,4,50,1,4
7.15,4,64,62,43,4,0,1,233,61,1,67,0,11
9.3,0,54,48,67,10,2,1,109,138,0,61,1,2
9.28,0,60,53,76,0,1,9,134,144,0,65,1,9
4.63,0,65,91,47,3,1,3,39,217,0,50,1,5
4.64,3,42,56,62,3,0,5,7,98,3,76,0,6
9.25,0,51,89,46,3,1,4,278,18,0,50,1,2
6.39,2,60,67,79,6,1,3,33,75,2,69,0,12
7.48,0,87,36,74,5,0,4,192,271,0,80,1,1
8.18,2,60,64,55,1,3,1,282,25,5,77,0,12
9.23,0,66,61,36,6,1,4,253,183,1,45,1,6
8.03,0,55,78,42,8,1,5,172,192,1,58,0,6
4.96,4,55,93,65,2,3,7,179,58,1,56,1,6
8.93,0,84,53,55,8,0,0,17,38,0,67,1,4
8.48,1,56,41,83,3,0,3,404,88,0,49,0,6
9.62,0,48,44,41,1,0,4,27,6,0,48,1,1
6.25,1,52,88,59,6,1,0,412,260,0,68,1,7
6.36,2,69,65,21,1,1,1,85,182,0,59,1,2
9.54,1,45,65,26,11,0,4,38,45,0,94,1,9
4.86,0,52,67,50,6,0,5,224,41,0,53,1,1
6.67,5,64,65,21,10,0,4,160,80,0,70,1,11
5.34,3,63,54,91,5,0,2,320,58,0,34,1,9
8.14,0,74,66,33,3,1,0,459,39,2,56,1,3
8.37,1,80,37,54,8,1,3,98,10,0,51,0,6
7.24,0,64,74,50,5,2,4,274,157,3,79,1,1
8.36,0,97,50,48,7,2,0,263,14,1,41,0,12
9.82,1,76,50,75,6,0,4,192,0,0,56,1,7
9.19,0,71,35,80,6,1,3,236,84,1,67,1,12
7.53,0,75,43,76,10,0,2,242,143,5,42,1,1
5.14,2,63,56,68,9,3,1,48,28,0,68,1,5
5.46,1,62,92,59,8,0,0,196,26,1,59,0,6
7.98,5,100,76,49,1,0,0,107,22,0,59,1,5
6.48,1,54,43,27,5,1,2,244,203,0,42,1,11
9.97,0,83,59,65,8,2,6,66,40,0,89,1,2
5.12,4,61,42,48,5,1,1,241,65,0,44,1,7
8.12,2,39,63,63,6,3,7,25,113,5,33,1,7
6.26,0,75,18,71,10,0,4,432,109,0,68,1,1
7.98,0,76,18,73,3,0,3,104,122,1,75,1,6
9.55,0,49,44,67,7,1,6,29,99,3,59,1,10
4.86,0,57,63,58,2,1,6,55,103,0,53,1,12
5.62,1,69,78,81,5,1,1,36,63,0,75,1,3
6.66,1,70,48,100,3,0,2,133,88,0,66,1,9
9.22,0,48,57,100,7,0,1,101,93,0,79,1,6
7.98,1,66,67,52,0,3,0,91,44,3,55,1,8
9.56,1,24,80,75,7,1,2,164,11,1,78,1,12
4.65,1,57,58,72,3,0,1,394,147,0,78,1,8
6.26,0,63,58,65,2,0,4,106,32,3,77,0,7
8.63,2,93,70,66,2,0,0,316,114,0,88,1,9
5.49,0,72,62,49,3,0,1,87,1,3,49,1,2
8.06,1,65,26,66,4,0,5,150,152,2,45,1,11
9.61,0,75,59,44,6,0,0,238,17,0,66,1,1
8.45,0,72,47,50,6,0,1,69,212,1,84,0,11
7.06,4,55,30,53,7,0,0,96,108,0,63,1,2
7.54,1,84,46,57,6,1,6,6,221,1,55,1,10
6.71,3,63,57,42,7,0,0,39,91,3,45,0,7
7.02,2,100,86,50,1,0,0,14,137,5,92,1,6
8.45,0,75,56,71,0,0,2,222,3,0,89,1,12
6.64,0,82,50,47,8,1,1,304,209,0,72,0,8
5.8,0,86,38,40,5,0,0,231,66,0,79,1,6
8.63,2,69,100,77,8,1,2,18,27,0,42,0,6
7.01,0,64,73,65,2,0,7,3,129,1,86,1,10
8.28,0,79,31,35,0,2,6,105,96,3,85,1,6
8.96,0,68,100,62,3,0,0,146,62,1,78,0,10
9.07,2,44,89,97,7,0,5,89,103,0,67,1,12
6.17,2,61,56,72,5,0,4,249,101,4,100,1,9
8.24,1,65,36,56,5,1,3,49,47,0,100,0,11
7.24,5,53,78,19,0,1,4,110,140,0,53,1,8
9.4,5,88,69,55,4,1,0,31,51,5,78,0,12
5.84,0,44,40,46,4,1,2,39,29,0,61,1,1
6.29,1,69,42,87,4,0,0,53,64,0,38,0,8
9.56,4,87,54,63,3,1,1,290,85,0,37,1,5
4.91,1,100,81,64,0,0,0,105,132,2,46,0,12
6.79,0,73,55,51,2,0,2,253,32,0,64,1,3
7.3,0,63,64,66,2,1,2,29,180,1,84,0,12
6.21,1,43,47,56,11,0,7,199,148,0,69,1,6
6.92,1,55,71,67,8,1,1,26,45,0,49,1,3
8.31,0,62,81,54,3,3,4,177,32,0,67,0,8
5.15,0,53,74,68,3,0,6,18,156,1,60,1,4
9.64,1,65,64,100,4,0,8,27,115,1,54,1,7
4.83,5,46,94,50,2,1,0,197,12,1,60,0,10
4.68,2,45,69,62,2,0,7,458,30,2,53,0,7
4.97,1,64,71,86,2,1,0,49,49,2,79,1,5
7.34,0,61,37,88,3,0,0,164,62,0,66,1,4
5.88,1,54,76,59,6,3,8,244,96,1,84,1,3
6.55,0,64,43,50,2,0,6,40,116,0,49,1,7
6.81,3,71,65,56,4,3,6,185,249,0,71,1,6
6.3,0,58,48,56,2,1,3,494,12,2,65,1,2
7.06,3,91,85,34,4,0,5,92,115,0,93,1,10
7.7,3,77,97,55,0,0,0,337,52,0,71,0,7
5.09,1,85,66,81,2,1,8,44,32,0,56,1,1
7.28,5,68,53,69,3,2,1,204,193,1,59,1,2
9.55,0,37,54,66,12,3,4,56,9,1,29,1,12
4.62,4,44,43,55,2,1,0,140,88,0,46,1,10
5.52,0,77,44,51,6,1,2,217,199,0,72,1,9
8.38,2,80,91,63,6,0,7,30,71,0,55,1,7
6.91,0,70,100,78,5,0,2,132,255,1,82,1,10
9.67,0,71,38,48,1,0,5,104,37,0,76,1,3
7.58,0,80,51,61,0,1,9,228,131,0,53,0,6
8.46,0,84,53,85,2,0,3,58,48,1,70,1,11
6.81,3,81,50,50,3,2,1,259,68,0,81,1,6
7.0,2,65,61,70,6,2,8,152,100,0,40,1,12
4.89,0,58,63,55,6,0,4,71,175,1,30,0,11
7.74,0,97,67,80,3,0,1,272,14,5,72,1,12
8.1,0,60,54,88,2,0,7,60,69,0,65,1,11
8.97,0,53,59,74,0,0,7,181,123,2,53,1,6
5.84,0,45,38,49,9,0,6,325,141,0,74,1,4
9.67,3,71,30,52,2,0,2,344,52,0,50,0,7
5.64,1,40,63,36,1,1,4,353,192,1,62,1,2
9.51,0,60,42,38,5,0,4,248,51,2,82,0,8
9.16,0,28,43,71,1,0,2,91,79,0,80,0,10
9.62,0,14,91,48,1,1,6,5,165,0,57,1,5
5.42,3,14,70,67,1,1,10,315,119,0,59,1,3
8.26,0,80,53,73,3,1,0,343,42,0,65,1,6
5.72,4,48,7,55,6,3,2,44,80,5,74,1,7
6.62,4,32,60,77,6,0,7,114,84,0,61,1,3
9.23,5,61,34,30,5,1,1,55,32,0,64,0,7
7.99,0,53,90,52,0,1,3,76,165,0,59,0,12
6.12,0,70,15,46,6,0,10,20,203,0,100,0,11
8.48,0,65,41,48,0,0,2,313,50,0,62,0,6
7.93,2,86,75,72,7,0,0,82,94,0,91,0,12
4.76,0,55,41,80,7,0,7,117,71,0,72,0,10
6.77,1,46,100,61,1,3,0,339,36,4,81,1,6
9.71,0,93,20,61,0,0,3,224,157,0,67,1,11
7.7,0,82,24,59,3,0,1,164,125,0,37,1,1
8.95,1,78,77,75,3,3,1,304,13,1,64,1,9
6.31,0,74,80,78,8,0,0,279,100,0,61,1,6
9.77,0,60,27,96,6,1,1,286,27,1,71,1,5
6.52,2,25,12,51,9,2,6,32,79,0,87,0,12
6.5,2,47,59,43,3,0,0,113,24,1,78,1,7
7.09,0,45,62,53,0,1,5,106,18,0,72,1,5
4.55,4,61,75,76,3,1,2,212,10,1,79,0,7
8.85,0,73,45,84,2,3,2,428,6,3,47,0,12
6.22,1,100,78,78,5,0,4,144,75,1,58,0,9
6.97,0,51,50,32,3,2,1,68,48,0,82,0,10
4.96,0,87,59,100,10,1,4,73,43,1,57,1,5
8.79,1,50,96,45,1,2,4,242,3,0,48,1,1
9.45,0,41,48,77,3,1,9,235,42,0,76,1,10
7.78,5,83,43,66,4,0,6,34,88,5,58,1,6
8.08,0,63,66,87,6,0,3,97,117,0,40,0,11
8.18,0,54,39,55,6,0,0,75,1,4,52,0,11
6.93,1,64,96,61,8,0,3,127,215,0,21,1,10
9.43,1,60,31,96,11,2,0,228,80,0,72,0,10
5.47,3,100,67,55,0,2,7,279,83,0,58,1,8
9.15,0,59,44,42,2,0,4,203,84,2,63,0,8
7.33,0,55,86,49,1,1,5,161,121,0,56,0,9
9.11,3,72,31,49,9,0,4,143,32,1,100,1,1
7.4,4,97,96,71,7,0,5,319,86,0,50,1,9
6.2,1,79,82,18,3,0,1,142,29,0,54,0,6
7.98,1,62,51,67,4,2,2,173,3,0,74,1,8
5.4,1,61,80,49,5,0,1,178,33,0,28,1,9
5.14,1,59,62,53,0,0,3,272,40,0,46,1,11
5.11,1,69,53,54,1,0,0,206,114,0,65,1,5
5.53,0,56,66,73,4,0,6,235,90,0,100,1,4
7.76,0,100,85,53,2,2,2,385,89,0,91,1,7
7.34,1,81,59,54,3,0,4,120,11,4,76,1,2
5.97,0,61,74,73,6,0,2,107,14,0,76,0,8
8.08,2,83,58,97,6,1,4,245,153,2,65,1,9
7.39,1,52,28,64,8,0,5,138,209,0,55,0,11
9.11,0,93,28,56,3,0,0,156,79,0,59,1,3
6.56,1,58,70,86,9,0,1,154,44,2,58,1,3
6.45,1,60,62,64,2,3,2,459,108,0,53,1,4
5.69,0,13,77,57,5,0,1,25,112,0,70,0,10
9.2,0,59,75,26,8,1,5,88,119,1,54,0,11
6.1,3,100,83,34,9,0,1,157,4,1,76,1,11
9.56,0,43,46,73,1,1,3,24,152,0,78,0,6
6.43,0,56,49,71,2,3,0,245,49,0,54,0,9
5.91,0,59,33,72,6,1,3,215,73,2,82,0,7
5.66,0,57,69,69,1,2,3,330,97,0,68,0,9
7.42,0,68,52,35,5,3,7,251,48,0,66,0,7
7.68,3,42,56,76,6,1,4,35,176,0,87,1,9
8.56,0,73,63,59,2,0,3,178,128,1,62,0,11
6.95,3,70,64,62,6,2,3,186,49,2,69,1,2
4.8,2,72,74,65,1,0,5,27,85,0,100,0,11
5.21,0,53,76,81,5,2,5,152,175,1,29,1,11
5.16,2,80,41,57,2,2,3,152,54,0,67,1,5
5.65,0,61,35,54,6,1,1,161,150,0,71,1,11
6.66,0,69,92,58,2,0,4,266,3,0,72,1,6
7.19,3,97,43,48,2,1,2,145,93,4,93,0,11
7.88,4,78,64,72,0,1,4,19,99,1,66,1,7
6.96,5,27,64,55,6,0,2,0,216,0,74,1,12
7.66,0,61,77,57,4,3,5,238,8,5,62,0,7
8.91,0,65,76,57,2,0,8,83,57,0,50,0,9
5.54,2,62,54,67,2,2,5,321,104,0,63,0,6
7.29,1,15,73,58,0,0,2,66,164,1,100,0,6
6.38,0,47,71,55,4,2,7,268,77,0,83,1,8
5.18,1,76,44,46,3,1,4,495,53,0,54,1,11
9.59,1,57,77,55,2,0,6,9,74,0,67,1,4
8.81,0,88,96,54,2,0,6,147,59,5,74,1,1
5.51,3,80,100,75,2,1,2,30,17,1,29,1,4
6.61,3,63,57,43,4,0,4,330,37,5,50,1,1
6.37,2,71,71,62,2,0,4,227,70,0,31,0,7
9.17,0,56,67,55,8,0,1,168,103,0,83,0,6
8.08,0,91,82,68,4,1,1,71,158,0,87,1,2
8.61,1,72,49,49,4,0,0,248,141,0,45,1,11
5.95,0,43,75,78,4,0,8,225,59,1,73,0,8
9.46,0,74,75,78,3,2,6,72,115,0,55,1,5
6.06,0,52,87,65,2,0,0,86,116,2,58,1,4
6.6,2,70,43,16,2,0,2,90,32,1,50,1,5
5.99,2,86,63,64,1,2,2,316,83,1,71,1,11
6.55,4,83,49,74,2,3,0,80,37,2,68,1,8
6.74,0,61,51,79,3,1,0,148,58,0,61,0,6
8.91,5,63,55,75,1,0,3,37,108,0,41,1,4
9.04,1,63,52,63,4,0,0,60,136,0,36,1,8
7.41,1,59,74,63,1,0,2,35,10,2,61,1,8
6.42,4,59,65,37,11,0,2,255,19,0,85,0,7
7.8,0,76,80,69,3,1,2,188,220,0,65,1,7
6.83,0,71,68,66,2,1,1,234,128,0,85,1,9
7.38,1,67,29,38,5,0,0,329,134,1,89,0,7
7.76,4,45,42,54,5,1,4,135,74,0,94,1,8
8.28,5,84,33,79,11,1,6,165,195,0,49,1,4
7.15,0,67,58,67,2,2,8,219,40,0,99,1,2
6.79,0,46,63,47,1,1,0,263,110,0,76,0,9
8.51,0,66,28,50,0,1,1,45,53,1,71,1,3
8.81,0,71,76,36,1,0,5,191,18,0,48,1,3
9.62,0,72,30,76,6,1,0,248,173,0,54,1,8
8.77,0,56,48,89,1,0,2,349,55,0,58,1,1
8.79,0,56,78,74,7,3,2,101,78,0,74,0,6
5.86,0,67,75,65,12,0,3,257,158,2,54,1,2
7.68,5,62,70,46,6,1,8,146,159,0,39,1,7
7.51,1,27,57,85,10,0,1,315,64,1,47,0,8
6.15,0,42,44,84,3,1,8,126,100,1,27,1,12
8.49,0,60,54,46,4,0,3,108,140,0,58,1,6
7.67,0,58,70,66,0,0,7,356,6,0,78,1,11
5.27,0,20,59,65,2,1,7,79,353,0,64,0,7
9.73,0,45,81,60,4,0,1,230,29,0,65,1,3
7.39,0,61,50,62,2,2,2,286,91,0,85,0,12
7.04,3,51,22,59,10,1,1,12,0,1,96,1,12
7.81,3,48,86,67,2,3,2,91,28,3,45,1,7
6.87,2,86,74,66,4,0,5,27,166,0,67,1,9
5.7,1,69,89,74,1,1,5,29,5,0,72,1,3
6.57,1,77,61,80,11,0,0,24,4,0,71,1,3
9.47,3,67,76,62,1,1,1,316,162,1,22,1,11
7.8,0,78,35,100,7,0,7,315,134,2,68,1,12
5.2,0,72,37,64,1,1,4,218,61,1,80,1,5
9.38,1,59,65,61,4,1,1,142,18,1,49,1,3
9.35,0,80,93,63,3,2,0,110,88,2,62,1,3
7.88,2,76,74,43,4,1,0,247,22,0,57,1,4
8.3,0,63,75,54,9,1,2,77,1,0,84,0,12
7.43,4,86,74,39,0,2,2,259,4,1,75,0,8
7.46,0,68,74,50,7,0,8,217,55,0,74,1,3
4.92,1,40,85,83,5,2,2,299,84,0,38,0,12
8.29,3,69,68,63,3,0,0,79,27,1,79,0,8
4.59,4,79,57,70,1,0,0,57,0,0,66,0,8
9.45,2,70,85,52,5,1,6,231,51,0,71,1,8
7.5,0,45,23,90,9,0,0,293,102,0,66,1,11
9.2,2,61,30,94,8,2,8,119,135,1,75,1,7
6.24,2,70,64,45,0,2,1,228,52,0,70,0,12
8.17,3,61,34,55,5,0,1,2,31,0,35,0,7
5.09,3,43,65,50,12,0,5,37,140,2,39,1,12
6.93,4,51,54,95,2,0,1,395,189,0,46,0,10
9.08,4,60,73,41,6,0,7,141,140,0,53,1,8
9.53,0,19,37,46,0,0,4,112,2,1,70,1,5
8.34,1,68,63,66,4,0,1,143,82,0,83,1,9
4.87,4,51,0,57,0,2,6,220,93,2,67,0,7
5.63,0,71,76,65,4,0,5,405,102,3,68,1,3
5.48,3,47,69,68,1,1,2,134,116,0,73,0,12
8.91,2,52,97,94,4,1,0,23,103,0,70,1,7
6.35,2,41,60,49,7,0,3,23,207,1,74,0,10
9.33,2,69,75,32,2,1,2,73,4,0,53,1,3
8.64,0,68,72,54,7,0,0,210,71,0,48,1,12
5.0,2,82,43,35,5,2,6,114,264,3,82,0,6
7.31,0,90,79,65,6,0,1,327,43,1,74,1,5
5.08,0,98,57,100,3,1,1,48,13,4,28,1,1
4.86,0,30,89,63,2,0,5,28,10,0,45,1,4
5.31,0,51,60,58,9,0,8,110,29,0,54,0,9
8.71,4,52,68,84,2,0,2,122,147,0,62,1,8
5.81,0,66,67,55,3,0,2,48,15,0,88,1,8
4.67,0,71,28,76,4,1,6,21,38,0,43,1,8
5.25,0,82,70,67,1,1,1,32,163,0,48,1,1
6.14,0,41,47,61,1,1,3,248,116,3,66,1,11
7.83,0,48,64,66,4,0,0,281,91,0,68,1,2
7.63,0,67,70,78,12,0,3,40,157,1,46,1,7
7.53,1,62,50,100,1,1,7,107,55,1,70,0,11
5.55,1,78,59,79,1,1,10,193,18,0,40,1,2
6.31,2,89,51,72,1,0,1,455,201,0,27,1,5
9.63,0,80,75,72,10,0,8,110,1,0,65,1,9
7.45,0,39,53,19,3,1,2,4,43,0,63,0,7
7.26,0,55,46,42,5,0,1,97,55,3,84,0,12
6.32,0,73,59,60,5,0,9,414,88,0,79,1,5
9.08,0,79,75,82,10,0,3,146,50,0,66,1,9
7.66,0,58,48,24,7,1,4,115,195,0,67,1,7
6.72,4,85,72,84,3,0,3,30,125,1,58,1,10
7.55,3,68,28,55,1,2,6,123,131,0,85,1,9
6.43,0,79,70,39,2,1,4,6,218,0,56,1,6
5.65,1,56,80,82,0,0,0,284,43,0,56,1,4
8.06,0,77,75,72,4,2,4,179,232,1,38,0,9
7.14,4,66,58,81,2,1,7,172,131,0,74,0,11
7.5,0,62,27,30,5,1,2,105,14,1,74,1,7
5.55,0,87,51,60,3,0,8,152,11,0,65,1,7
6.55,0,68,70,61,7,0,5,238,36,0,44,0,7
4.9,0,63,66,69,6,0,2,300,13,0,79,1,2
4.54,0,56,75,61,6,1,8,66,51,1,82,1,1
5.51,3,67,65,58,1,1,6,331,12,3,63,0,10
4.67,4,73,69,53,2,1,1,126,73,0,36,1,11
7.53,0,54,33,74,3,1,5,153,39,3,64,0,12
4.68,1,54,78,46,2,0,7,276,54,0,74,1,3
8.82,5,42,42,16,3,0,6,65,229,0,72,0,12
7.57,3,100,79,47,1,1,7,116,21,0,90,1,5
8.5,3,65,83,61,3,1,1,233,43,3,73,1,4
6.79,4,47,36,57,3,2,4,14,61,1,90,0,6
6.38,4,88,53,76,8,1,7,85,76,5,76,0,10
5.18,0,36,100,79,3,0,4,128,30,3,70,0,10
7.93,0,75,100,68,0,0,0,327,34,3,76,1,6
4.54,0,57,54,93,3,1,4,1,30,1,80,1,9
8.84,2,61,89,60,9,0,1,75,31,0,50,0,8
8.09,0,100,50,87,8,1,8,227,224,0,51,1,7
4.59,1,41,39,66,3,0,5,199,203,1,78,1,1
5.37,1,67,41,76,3,2,0,108,67,3,88,0,12
8.7,1,39,74,73,3,3,2,206,134,0,68,1,10
6.48,3,61,59,63,4,0,3,24,1,0,62,0,7
6.17,0,100,60,55,11,0,7,154,28,2,60,0,10
6.69,0,46,64,62,3,0,5,353,35,0,74,1,11
6.91,5,88,69,34,2,1,0,251,70,0,65,0,11
9.96,1,80,15,99,7,1,6,1,142,2,58,1,12
6.75,2,40,88,59,8,0,7,115,49,1,52,1,12
6.74,0,80,64,60,4,3,6,205,106,2,100,1,12
8.91,0,77,84,74,7,0,1,46,84,0,25,0,7
8.25,0,60,45,70,8,2,1,125,110,0,59,1,5
6.79,0,69,88,61,6,0,5,36,102,0,90,1,11
6.24,4,26,52,51,0,0,1,25,46,0,68,1,1
8.45,0,74,61,73,2,0,3,49,258,0,53,1,8
5.02,0,83,91,76,3,0,3,132,225,1,75,1,1
6.46,2,68,41,91,6,0,2,65,23,0,51,0,7
8.29,0,96,51,85,6,0,8,176,81,0,48,1,10
6.29,3,67,18,73,3,1,1,49,138,2,47,1,1
6.26,2,78,59,63,2,0,0,26,7,0,55,1,4
4.79,0,33,61,31,1,1,3,114,43,1,59,1,3
4.53,5,60,82,69,6,1,3,38,156,0,61,1,1
6.21,1,55,63,68,0,1,6,106,45,0,74,0,8
5.27,2,100,78,58,1,0,0,35,66,1,70,0,10
4.76,1,78,92,62,5,0,3,222,160,0,62,0,6
9.48,0,80,99,83,2,0,9,185,102,0,62,1,7
4.97,0,63,69,43,4,0,7,85,19,0,57,1,4
9.7,1,33,37,70,6,0,2,145,129,0,83,1,9
8.51,0,34,58,81,4,0,4,84,47,0,52,0,10
9.63,4,65,70,84,6,2,5,6,93,1,35,1,1
7.37,5,86,93,63,2,0,2,212,76,0,45,1,3
6.24,0,52,49,35,0,0,2,122,11,0,61,0,10
6.82,0,62,87,35,2,1,0,180,49,0,86,1,2
5.61,0,53,67,59,4,3,8,197,53,0,45,1,2
8.49,0,88,34,30,1,1,5,40,127,1,87,1,8
9.55,5,59,66,73,5,1,7,244,37,1,49,1,2
5.16,2,68,38,73,4,0,2,0,205,0,33,1,9
9.56,0,75,61,61,7,2,1,165,15,0,85,1,9
4.69,0,76,48,32,4,0,3,139,11,2,66,0,9
5.86,0,49,42,37,8,1,0,152,134,0,52,1,12
8.62,0,67,52,58,0,0,1,261,95,0,70,1,5
4.76,1,46,10,87,5,0,2,254,71,0,69,0,8
6.92,0,43,76,41,7,1,2,363,49,2,82,1,10
6.26,1,85,71,40,7,0,2,151,52,0,78,1,9
7.22,0,74,70,65,5,1,1,180,78,1,81,1,12
6.68,5,61,46,73,7,0,0,116,12,1,74,1,8
6.11,3,86,53,41,1,0,5,348,65,0,75,0,6
5.63,1,57,75,55,2,0,2,360,83,0,82,1,1
5.28,0,71,51,93,1,2,1,200,1,5,26,1,6
6.55,0,33,42,53,3,0,5,97,28,0,55,0,9
7.94,0,56,90,65,9,0,2,9,44,0,57,1,4
9.65,3,39,66,50,4,2,6,189,61,0,66,1,7
7.39,0,66,78,97,0,1,2,193,82,0,39,0,7
7.86,1,66,54,77,0,1,0,77,28,0,93,1,6
9.94,2,51,42,69,4,1,4,208,17,3,59,1,11
5.21,0,71,76,70,7,0,8,80,28,0,61,0,12
8.76,1,96,62,48,1,0,2,130,55,2,47,0,10
7.26,0,83,49,46,2,1,3,68,5,0,71,0,8
4.95,1,44,65,76,6,0,2,224,116,1,46,1,6
8.12,0,46,64,72,0,0,6,316,76,2,44,1,10
4.8,0,57,100,43,6,0,7,235,48,0,92,1,11
9.95,4,74,47,71,2,0,0,318,186,0,51,1,5
9.13,5,60,48,100,4,2,5,176,42,0,55,1,2
8.71,0,37,71,86,2,1,1,180,18,0,66,1,12
4.66,0,48,75,73,5,1,3,75,70,0,75,1,12
6.14,2,58,70,67,2,1,2,134,54,1,80,1,11
5.02,0,47,70,74,3,0,2,158,80,0,32,1,6
7.68,2,31,74,67,2,0,1,58,8,0,50,0,11
7.66,0,74,80,42,0,0,4,176,2,0,61,0,7
7.49,0,83,83,73,5,0,8,337,159,2,97,1,8
7.46,0,65,38,60,10,1,8,224,78,0,38,1,2
5.03,0,82,80,16,2,1,2,76,4,5,85,1,7
8.54,5,63,52,63,0,0,3,82,95,1,54,1,8
5.27,0,70,29,30,5,0,3,96,109,2,88,1,4
5.89,0,34,78,84,3,0,9,54,119,0,57,0,11
8.72,0,61,64,58,1,2,1,94,13,0,50,0,11
4.86,0,50,93,73,3,1,6,187,164,0,70,0,8
7.15,3,47,36,74,0,0,0,381,14,1,73,1,9
6.41,0,75,14,44,1,2,3,66,46,5,79,1,1
8.99,0,90,72,100,7,2,3,285,120,0,82,1,4
5.64,0,69,45,54,3,0,0,160,176,0,63,0,8
9.7,2,80,100,37,0,3,7,102,15,0,71,1,10
8.67,1,64,23,43,5,1,3,246,210,0,56,1,8
5.49,2,56,58,59,5,0,1,170,60,4,49,0,7
7.03,1,68,66,57,6,0,3,158,13,0,54,1,7
9.66,1,55,75,27,8,2,4,141,77,0,75,1,10
4.72,2,55,52,74,1,0,6,100,37,1,71,0,10
8.54,1,73,56,66,4,1,5,44,2,0,64,1,2
6.52,0,58,81,50,9,0,3,170,162,1,35,1,12
8.43,0,100,60,48,2,1,4,170,97,0,78,1,10
5.23,0,68,56,52,0,1,2,254,9,0,97,0,9
9.22,0,77,60,60,2,0,2,1,167,3,68,1,12
6.66,3,57,68,98,2,0,3,112,55,1,35,0,11
6.92,2,52,80,81,5,0,4,219,4,0,38,0,7
8.57,3,86,22,68,3,0,1,189,34,2,46,0,6
5.87,0,36,38,78,5,0,0,200,118,0,68,0,11
6.36,1,62,32,60,6,0,1,0,192,2,51,1,5
6.15,0,59,48,100,1,0,4,130,106,0,70,1,10
5.6,0,49,36,50,1,0,5,76,125,1,58,1,5
7.25,5,51,63,54,11,1,2,222,69,3,81,1,2
6.2,1,87,93,36,0,1,1,461,88,2,46,1,7
6.3,0,35,70,72,2,1,4,289,45,0,53,1,11
6.55,0,44,60,40,7,1,10,199,75,3,50,1,7
9.26,1,81,64,55,1,1,2,129,152,0,70,1,10
5.16,1,68,100,57,6,0,7,92,134,0,80,0,7
7.92,0,42,61,62,8,1,2,12,81,0,42,0,10
7.09,0,68,97,82,1,1,3,99,144,1,85,1,5
7.41,1,70,54,48,4,0,8,139,8,3,82,0,10
7.11,0,67,78,69,2,0,4,101,121,0,88,1,4
4.87,4,84,53,49,3,0,3,250,142,1,48,0,6
5.88,1,57,58,63,8,0,2,194,91,0,61,1,10
4.64,0,92,65,93,5,0,6,216,78,2,76,0,9
7.52,2,54,100,72,2,1,4,148,171,0,45,1,1
6.72,0,66,72,34,8,1,2,222,45,0,67,0,7
8.0,3,69,47,67,5,0,3,76,30,0,31,1,9
8.09,1,60,67,66,6,1,6,335,78,0,52,1,5
8.38,2,81,66,69,4,0,2,86,141,0,36,1,12
5.87,0,59,37,32,1,2,6,168,11,0,64,1,8
8.47,0,75,32,51,2,2,9,228,79,1,72,1,3
8.88,0,72,60,100,1,1,2,115,29,0,48,0,6
5.95,0,60,78,74,10,1,4,293,35,2,65,1,12
4.65,3,46,62,86,8,1,1,235,78,0,45,1,5
9.21,0,87,59,56,4,0,3,325,79,0,85,1,3
6.76,5,66,61,52,6,1,0,136,114,0,62,1,4
5.92,0,78,62,69,0,1,2,58,26,5,62,0,12
5.81,0,64,54,25,0,1,1,11,200,3,56,0,10
9.68,1,82,63,73,5,0,4,57,175,0,79,1,6
6.57,0,98,55,64,10,0,3,306,199,0,86,1,2
6.26,1,76,47,66,8,0,2,55,160,1,66,1,3
5.99,0,53,71,56,6,1,7,132,28,0,66,0,9
5.75,0,59,46,52,2,1,4,87,65,1,84,0,12
7.19,0,69,77,50,5,0,8,18,177,0,34,0,12
7.57,1,45,28,71,8,0,0,135,41,0,53,1,10
8.53,2,29,45,67,12,2,7,175,51,2,100,1,4
9.85,1,48,77,72,0,0,0,18,58,0,17,0,12
4.72,0,93,57,75,5,0,5,106,72,1,77,1,6
9.8,1,71,30,37,6,0,0,96,35,1,55,1,5
5.1,1,76,48,47,0,1,7,73,70,2,86,1,4
9.5,0,79,73,47,6,0,2,119,17,0,31,1,6
5.75,5,57,63,43,0,0,6,176,154,3,46,0,9
5.69,0,76,79,52,6,1,1,176,21,0,59,1,4
4.78,0,83,82,46,6,0,4,311,192,0,61,0,11
4.85,0,90,55,35,12,1,1,249,118,1,84,1,10
5.76,0,73,46,41,5,0,1,106,110,0,58,0,8
9.07,0,96,43,38,6,0,0,134,64,0,31,1,5
4.98,0,70,80,70,4,1,3,302,11,0,74,1,9
7.19,0,80,10,50,1,0,7,125,18,0,66,1,8
8.88,2,100,78,62,10,1,0,176,24,1,42,1,9
9.68,0,55,81,81,2,3,0,141,53,3,49,1,11
5.36,0,73,73,53,7,0,4,431,71,0,43,0,10
7.88,0,75,69,73,7,0,1,291,162,2,51,1,1
6.39,3,55,37,29,2,2,4,127,30,0,99,0,6
4.9,0,68,91,45,3,2,1,83,76,0,53,0,6
6.66,3,77,54,69,3,0,1,43,50,2,58,0,11
4.98,4,95,100,68,3,1,4,230,86,4,62,1,10
6.47,0,66,36,59,1,1,4,7,25,1,21,1,9
9.69,2,78,65,60,7,0,0,344,71,1,66,1,7
6.41,1,59,46,69,3,0,6,16,34,0,57,0,9
7.61,0,64,85,94,5,1,5,322,91,3,72,0,7
8.75,4,66,38,67,8,1,0,107,75,1,54,0,10
8.93,2,54,28,44,6,3,4,172,154,4,79,1,1
4.53,2,70,80,72,7,0,2,41,61,0,58,1,5
8.71,0,62,45,63,3,1,3,64,71,0,64,1,7
8.87,0,92,62,61,11,1,0,253,131,0,44,1,3
5.92,3,69,72,61,3,3,2,196,38,0,65,0,6
9.61,1,59,34,41,1,0,2,50,157,0,87,0,12
8.16,1,60,65,36,0,1,2,140,124,0,37,0,6
8.27,5,73,44,72,0,0,3,122,129,1,51,1,12
8.75,1,81,89,65,4,1,4,25,80,0,89,1,7
8.96,0,50,24,62,4,1,8,3,154,0,77,1,9
8.54,0,83,56,47,6,0,2,258,4,0,45,1,9
4.77,0,69,51,61,2,0,1,556,184,1,91,1,9
8.18,1,68,65,38,6,1,0,140,24,1,47,0,7
7.89,4,78,52,85,3,0,4,178,324,1,55,1,5
9.97,0,79,73,67,1,1,2,196,103,0,62,1,12
6.77,1,98,60,73,6,0,8,525,40,3,78,1,3
8.4,5,56,54,37,2,0,0,97,60,0,84,0,10
7.83,5,72,81,72,3,0,5,149,144,0,60,0,11
9.81,1,66,24,71,0,1,4,109,79,0,74,1,8
4.99,1,31,91,44,7,0,3,29,62,2,66,0,8
4.78,0,63,49,77,6,0,3,205,186,1,28,0,10
6.96,1,36,93,38,3,0,2,164,29,1,49,1,2
8.65,4,76,56,59,2,0,8,368,8,0,67,1,4
9.57,2,66,61,52,9,1,4,275,112,0,85,1,11
9.9,0,48,89,76,3,2,0,106,55,2,68,1,6
8.42,0,20,100,62,3,1,4,229,68,1,48,0,7
4.86,1,50,80,40,5,1,3,65,68,0,45,1,8
8.8,0,67,43,58,4,0,3,4,54,0,75,0,7
9.7,0,58,63,93,2,1,1,277,157,0,42,1,4
4.98,2,79,77,60,2,0,3,225,43,0,50,1,7
5.63,1,62,79,11,4,0,7,102,105,0,42,0,7
9.79,0,70,58,64,0,0,3,143,39,3,100,1,3
6.66,1,83,47,51,5,1,2,55,66,0,50,1,3
9.93,0,100,38,92,3,0,8,40,128,0,65,1,7
6.2,1,50,59,67,1,0,0,48,25,0,65,0,11
5.21,0,80,51,52,8,1,1,289,30,1,25,1,11
8.17,0,80,98,76,5,1,5,123,59,0,55,1,8
8.06,0,77,78,52,4,1,6,204,217,0,61,1,12
9.33,0,62,21,73,6,1,0,216,122,1,37,1,1
5.74,2,100,68,80,3,1,6,46,90,0,67,0,6
7.31,0,100,84,52,7,1,0,123,81,0,68,1,3
6.57,3,53,59,77,6,0,1,303,196,1,50,0,8
8.97,4,47,92,83,1,0,8,66,163,3,51,0,9
9.56,0,37,54,72,6,1,3,76,12,0,89,0,6
8.06,0,79,57,63,3,1,4,344,72,0,50,1,1
4.7,1,93,42,85,9,0,8,209,103,0,79,1,3
4.79,0,31,67,77,0,2,6,228,128,0,55,1,2
8.88,0,76,58,67,3,2,4,4,141,0,64,1,4
7.19,1,48,53,46,2,1,4,91,13,1,81,0,7
9.18,5,70,32,73,7,1,0,19,2,1,44,0,10
6.44,1,75,69,75,4,0,8,170,189,0,65,1,6
9.54,0,63,53,66,3,1,4,129,163,5,76,1,4
9.77,1,42,76,74,0,0,4,96,120,0,100,1,11
4.88,0,44,54,69,8,0,6,147,60,0,39,1,1
7.07,2,88,50,78,2,0,6,215,140,1,65,1,6
4.55,5,33,36,49,3,1,5,21,135,1,66,0,9
9.19,1,100,40,62,8,0,6,394,142,0,72,1,12
4.97,2,71,28,47,9,0,7,219,26,0,73,0,12
7.85,0,80,74,51,8,0,6,21,20,1,63,1,1
6.6,0,65,100,89,2,2,9,318,121,0,91,0,9
4.88,3,68,53,50,0,0,2,181,183,0,49,1,7
6.67,1,100,100,64,8,1,4,360,92,1,49,0,6
5.06,0,61,97,38,6,2,0,178,75,2,50,0,11
8.75,3,68,38,58,1,0,2,10,36,0,54,0,12
4.59,0,79,75,59,1,0,9,173,6,1,72,0,9
9.57,5,71,95,78,3,0,1,135,7,5,64,0,10
8.42,0,91,53,73,4,1,1,5,52,0,48,1,7
8.01,0,89,40,50,3,0,8,123,8,0,83,0,12
9.2,0,47,48,83,6,0,2,253,119,5,88,1,7
6.7,2,88,59,61,4,1,4,131,75,4,46,1,4
9.79,1,85,64,41,4,1,9,208,101,0,72,1,11
4.96,0,95,46,64,1,2,5,13,131,0,38,1,10
8.59,1,87,47,65,4,0,7,143,170,0,89,1,1
9.77,0,83,42,43,7,0,2,225,27,1,91,0,11
9.48,1,55,40,55,7,2,2,157,15,0,67,1,6
7.58,1,59,28,68,6,1,3,21,78,1,64,1,3
7.25,0,53,57,61,8,1,7,18,127,0,57,1,12
5.87,0,56,29,81,4,1,5,176,86,1,62,0,9
9.69,3,47,65,69,2,0,0,125,85,0,44,1,12
9.45,0,68,93,65,2,0,0,239,132,0,42,1,4
5.88,1,46,73,71,1,0,0,33,30,0,27,0,6
6.14,0,61,33,68,3,0,0,32,133,4,75,0,8
8.86,0,59,67,50,0,1,7,248,1,3,60,1,7
7.53,1,47,47,60,4,0,4,172,114,0,79,1,12
7.46,3,89,10,78,3,0,5,3,180,2,38,0,8
7.67,2,52,81,46,2,1,3,245,197,0,93,1,3
8.59,0,52,37,44,3,0,3,93,103,2,81,0,8
8.41,5,56,49,39,0,1,1,211,69,0,85,0,10
9.77,0,71,43,76,4,1,2,12,116,0,38,0,9
7.41,1,61,92,59,0,1,4,277,135,0,42,1,11
6.32,0,95,83,42,7,1,3,51,17,3,50,0,8
6.11,0,56,60,55,6,0,2,13,88,2,66,1,4
6.64,0,75,61,34,5,1,2,199,1,3,62,0,10
7.72,0,73,67,48,3,0,8,66,65,1,58,1,2
6.89,0,59,68,72,2,0,4,184,5,0,44,0,10
8.8,1,74,48,46,6,0,5,230,141,1,97,1,4
6.36,0,100,36,57,0,1,2,75,117,0,68,1,4
6.45,2,71,61,37,1,1,2,100,62,2,70,1,6
7.79,0,79,89,57,5,1,1,205,196,1,46,1,9
7.97,2,58,63,38,3,0,3,20,76,0,71,0,9
5.4,0,98,70,85,0,1,4,251,51,0,87,1,11
9.78,3,60,47,41,4,0,5,146,83,0,77,1,5
8.77,0,56,96,58,2,2,2,72,39,0,93,1,6
9.3,0,77,60,50,2,0,3,480,53,2,71,0,10
5.53,0,74,40,35,7,0,1,388,52,0,35,0,12
5.21,0,77,40,52,1,0,9,106,16,5,34,0,9
8.51,0,66,76,46,2,0,5,54,136,0,89,1,5
8.46,2,71,100,39,2,0,5,346,4,0,64,0,10
5.63,0,52,72,76,2,0,5,5,106,0,35,1,9
5.39,0,88,63,50,7,0,3,158,167,0,86,1,6
9.59,1,45,58,62,4,0,6,48,117,0,68,1,2
4.88,1,65,64,46,3,0,1,166,109,0,63,1,9
8.21,0,84,18,82,7,3,2,7,113,1,83,1,7
4.86,1,68,73,47,2,1,6,88,75,1,67,1,12
8.05,2,40,42,51,1,2,8,172,12,0,58,0,12
8.88,4,75,57,81,8,0,6,142,76,0,54,1,12
8.84,0,86,56,62,4,2,1,118,49,2,72,1,10
7.58,0,41,36,74,7,0,3,109,115,3,34,1,6
7.13,0,51,72,67,3,1,6,325,11,2,54,1,10
9.39,2,29,69,67,5,0,0,294,123,0,57,1,5
8.78,0,61,57,46,1,0,5,100,2,0,56,1,11
7.61,0,64,50,78,6,0,2,70,2,0,54,0,6
8.98,2,64,73,59,8,0,3,65,136,0,26,1,6
5.18,1,87,65,74,6,0,1,12,25,1,80,0,8
5.94,0,55,100,43,4,0,0,71,150,2,46,1,10
6.18,0,68,82,79,3,2,2,323,217,0,55,0,8
6.44,2,40,52,43,1,1,3,161,116,0,84,1,1
4.63,0,100,54,42,4,0,9,186,136,1,54,1,4
7.17,0,36,88,32,3,1,0,234,31,0,68,1,10
8.94,2,46,41,80,2,0,4,208,36,0,71,0,9
7.95,2,63,58,39,5,1,3,222,135,3,70,1,1
5.68,1,57,46,53,3,0,0,104,105,0,85,1,9
8.58,0,60,63,100,5,0,6,10,197,0,49,0,10
8.72,1,38,33,79,2,1,2,110,110,0,62,0,7
7.27,1,36,46,72,6,1,1,143,116,1,89,0,12
5.58,0,69,78,80,6,0,7,229,10,3,65,1,7
5.64,0,78,81,69,4,1,7,128,167,1,80,1,8
8.96,1,59,46,43,3,0,2,95,142,0,84,0,8
6.39,1,90,41,87,2,1,2,31,18,0,68,0,8
6.07,0,72,61,83,3,0,7,382,73,0,50,0,9
8.5,0,53,98,95,1,0,5,55,2,0,52,0,10
6.54,0,77,51,54,2,2,7,63,62,0,37,1,3
9.57,0,57,45,39,6,1,2,33,28,4,42,1,2
5.13,1,46,76,56,0,0,5,209,2,0,39,1,6
8.58,3,57,59,30,3,2,6,195,152,0,78,1,4
6.98,0,61,74,58,0,1,5,31,57,5,61,0,9
5.11,0,57,56,56,2,0,3,275,40,2,63,0,11
8.83,1,69,14,50,2,0,1,86,36,0,46,0,9
4.78,0,38,60,36,9,1,1,86,141,1,88,0,8
5.41,0,92,48,61,0,2,0,183,14,0,74,0,12
8.34,0,48,68,70,2,0,10,125,34,2,74,1,2
5.91,2,100,82,80,1,1,1,172,34,0,70,1,5
4.95,0,75,47,65,4,2,3,230,138,0,77,1,4
6.35,5,65,53,59,1,1,3,175,97,0,78,0,9
9.7,0,54,32,57,5,1,7,35,184,0,76,1,7
8.61,0,76,96,24,3,0,7,128,140,2,97,1,12
9.27,1,89,43,66,4,0,6,18,28,0,71,1,3
7.38,2,80,71,71,3,1,8,304,157,0,47,0,9
8.78,0,69,36,35,9,0,0,88,81,0,100,1,8
8.09,3,77,83,66,9,0,0,132,102,0,65,0,12
8.87,4,63,66,30,3,3,2,230,122,0,71,0,10
9.24,1,53,42,66,2,3,3,172,112,4,70,1,4
9.13,1,70,40,44,1,0,3,26,64,0,61,1,6
6.38,1,38,31,73,6,1,2,268,24,0,69,1,3
6.6,1,64,46,56,3,3,7,42,34,0,27,0,9
7.52,1,79,68,77,3,0,6,370,148,2,51,1,12
9.43,3,67,58,51,2,0,1,230,146,1,36,1,1
7.72,0,67,63,57,3,0,6,5,36,4,59,1,7
8.54,0,67,66,59,1,0,0,187,44,0,67,1,3
8.39,4,41,100,99,0,0,8,172,124,1,32,1,2
8.71,1,62,88,34,4,0,0,114,22,3,42,1,9
6.7,0,36,48,89,6,1,0,137,32,1,56,0,6
4.86,1,61,42,43,2,0,3,368,115,0,99,1,9
5.49,1,100,40,57,7,0,3,357,151,1,73,0,6
7.71,0,65,68,39,0,1,0,158,98,4,49,1,8
5.03,0,48,45,70,1,0,6,73,24,1,44,0,12
6.37,0,63,43,83,3,1,0,7,13,0,66,0,8
7.63,0,80,36,47,5,1,6,219,132,1,43,1,4
4.56,2,77,52,73,3,0,2,73,54,3,41,0,6
6.52,0,68,50,69,5,0,6,48,12,1,73,0,7
8.11,0,66,72,90,10,0,2,254,49,1,81,1,2
9.3,2,75,61,62,12,1,0,151,5,0,45,0,10
9.17,0,60,63,73,7,3,5,60,42,0,85,1,2
5.33,1,64,89,81,6,0,7,74,106,0,68,1,3
5.9,2,65,34,58,0,1,0,176,98,0,68,1,7
9.5,0,89,100,50,4,1,0,234,61,0,64,1,6
6.44,1,84,46,54,6,0,5,32,96,2,71,1,2
6.43,1,93,62,53,12,0,1,145,20,1,65,1,4
8.87,2,51,59,65,3,1,6,87,37,0,52,0,12
8.77,0,30,69,63,7,2,6,22,138,1,74,1,4
6.07,0,30,98,72,1,1,2,308,45,0,69,1,1
7.83,2,72,67,80,0,0,6,107,45,0,65,1,9
8.21,2,90,56,62,6,0,0,85,37,2,56,1,5
8.82,3,47,53,57,1,2,0,107,33,1,99,1,10
6.24,1,92,56,64,6,0,7,48,83,1,65,1,6
9.6,2,69,78,70,9,1,1,14,85,1,79,1,11
5.8,0,62,28,50,7,1,3,176,67,2,55,0,9
8.62,0,57,25,58,1,1,0,138,28,0,71,1,8
5.61,0,50,33,58,8,0,2,94,109,0,73,0,10
9.66,0,60,7,61,3,0,2,64,143,1,48,1,5
9.15,5,100,63,53,3,1,1,36,197,4,81,0,9
9.55,1,34,48,57,3,1,8,427,35,0,45,1,4
8.38,4,74,100,85,0,0,7,95,134,0,90,0,7
5.8,2,72,57,40,1,1,0,135,70,0,100,0,7
9.57,0,68,55,79,0,0,2,16,26,0,33,1,10
9.08,0,40,56,36,0,0,5,231,138,0,100,1,8
9.46,4,43,65,56,0,2,9,108,96,0,54,0,8
9.64,0,60,39,100,6,2,2,318,149,0,31,1,10
6.78,4,76,74,41,2,0,6,182,97,0,70,1,8
5.5,5,81,37,79,1,0,2,256,148,4,58,1,5
9.54,0,51,63,77,7,3,1,137,97,1,41,1,1
5.74,5,52,57,71,8,1,2,381,25,0,79,0,8
4.54,0,89,55,68,4,0,2,64,101,0,78,1,1
9.5,0,68,6,55,0,1,3,44,98,5,54,1,7
8.76,0,66,43,75,6,2,3,54,74,0,63,1,3
5.53,0,68,51,70,2,1,0,46,131,0,70,0,8
7.2,1,67,83,64,3,0,0,5,3,2,57,0,6
6.19,0,49,36,65,1,3,1,79,119,0,50,0,9
7.93,3,72,65,60,1,1,9,179,57,0,43,0,8
4.81,5,67,64,74,8,0,8,415,125,0,61,0,9
7.82,0,37,60,100,9,0,0,132,12,2,42,1,12
9.98,0,79,73,60,3,0,8,29,11,0,91,0,12
6.79,1,71,58,81,1,1,2,157,77,5,73,0,7
6.76,0,67,51,86,6,0,0,85,166,0,38,1,3
6.24,2,72,39,75,4,1,6,257,10,1,86,1,10
5.09,2,95,86,21,6,0,4,180,176,1,92,1,6
6.88,0,83,44,18,4,2,0,140,18,0,62,1,4
4.89,4,85,60,93,5,0,1,15,221,1,33,1,11
6.61,5,38,11,83,4,0,0,114,149,0,62,0,12
9.17,1,60,71,75,3,0,2,41,61,0,76,0,10
9.51,1,76,94,29,4,0,1,52,148,0,35,1,4
5.61,5,58,65,61,6,1,1,1,47,1,53,0,8
8.39,1,66,44,52,5,0,3,99,144,4,69,0,10
6.19,0,63,12,53,7,0,0,11,189,0,88,0,6
9.64,1,78,87,83,2,0,5,55,130,0,67,1,5
7.15,4,58,23,68,1,1,5,136,118,0,78,1,1
7.99,1,86,77,64,0,0,8,30,121,2,55,0,12
4.94,1,66,48,53,1,0,0,138,61,0,62,0,7
9.83,4,54,49,56,2,0,0,183,66,0,25,1,4
5.05,0,54,46,60,5,1,4,275,75,1,68,0,8
6.19,3,67,53,52,2,0,1,178,99,2,35,1,7
8.55,1,58,93,68,1,0,6,73,108,0,77,0,11
8.59,3,74,51,44,7,0,3,113,2,0,59,1,6
6.0,0,47,82,58,0,1,6,41,23,1,56,0,9
9.49,0,72,84,66,2,0,0,318,20,0,64,1,5
7.93,1,48,40,64,6,1,1,42,43,3,41,1,11
4.57,0,89,50,72,4,1,5,471,123,0,69,0,9
8.19,0,97,30,91,0,0,3,236,22,1,56,1,9
8.21,1,44,50,98,4,0,2,103,40,1,89,1,2
7.3,0,36,49,70,0,1,2,175,119,0,53,1,6
7.29,5,68,39,60,1,2,6,290,30,0,62,1,12
9.57,0,95,55,60,8,3,1,78,21,0,63,1,4
9.23,5,84,56,76,2,2,10,54,7,0,79,1,10
6.91,1,72,66,74,0,0,0,266,4,0,80,0,9
6.72,0,76,7,63,0,0,8,30,231,0,84,0,12
7.0,1,83,58,61,1,0,8,290,110,1,72,1,1
8.1,3,64,48,35,1,0,5,281,133,1,43,0,6
7.04,0,88,37,70,4,0,3,130,25,1,71,1,9
7.67,3,56,81,47,4,0,6,183,15,0,69,1,2
9.47,1,54,79,39,5,0,5,282,74,1,60,0,9
7.87,0,31,25,17,3,0,5,269,6,0,58,1,8
6.21,0,82,52,63,2,0,0,266,9,0,55,1,8
8.07,0,62,100,59,9,0,0,45,112,1,81,0,12
4.92,0,77,33,81,3,0,6,101,141,1,72,1,1
9.87,0,73,54,72,2,0,2,24,30,0,78,1,9
8.56,4,54,56,38,5,1,0,175,54,0,71,1,10
5.97,0,39,50,37,3,1,0,117,104,0,45,0,7
6.83,0,56,72,82,4,1,4,316,236,1,49,0,9
7.57,1,86,82,38,3,3,2,241,23,1,66,0,9
8.92,4,51,36,57,5,0,1,78,189,0,90,1,5
9.54,1,55,61,37,4,0,3,139,141,0,57,1,11
4.67,0,77,83,46,2,0,7,149,14,5,66,1,3
8.47,1,77,65,75,3,0,6,130,7,1,34,1,4
5.63,1,61,50,79,8,1,8,121,199,0,64,1,6
7.36,0,91,68,42,1,0,1,173,99,0,84,0,8
8.71,4,33,77,90,7,0,9,37,31,2,71,1,12
7.86,3,39,39,63,1,1,1,170,182,1,82,0,10
4.68,0,25,64,77,5,0,0,79,94,5,49,1,3
6.28,2,52,75,50,6,0,8,70,146,0,71,0,11
7.92,1,87,52,36,4,1,2,91,167,0,38,0,9
5.11,0,60,21,62,5,3,3,6,119,0,74,1,6
5.49,1,64,59,45,8,1,7,153,129,4,65,1,6
8.09,1,86,64,46,5,2,8,5,38,0,68,1,3
6.24,0,59,70,52,0,0,7,18,1,0,68,0,8
8.51,0,78,73,99,3,0,4,111,174,1,57,1,6
7.36,1,60,30,94,9,1,7,64,103,0,61,1,8
6.36,4,96,65,33,4,1,2,84,44,5,75,0,7
7.28,2,81,57,89,4,1,8,12,87,1,94,1,11
4.52,0,74,32,65,4,0,1,246,82,0,100,1,4
7.04,1,70,85,76,4,0,8,223,142,1,55,1,10
4.76,0,48,26,30,0,0,3,82,142,0,68,0,10
5.23,0,74,69,60,8,1,3,183,71,0,54,1,11
6.35,3,65,70,83,0,0,3,157,93,2,55,1,3
4.79,1,80,21,49,5,0,0,217,25,0,89,1,11
7.19,3,57,66,93,5,1,7,44,38,1,77,0,7
9.17,0,62,33,38,3,0,1,65,12,0,82,1,6
7.45,4,23,20,50,2,0,3,300,114,0,48,0,11
6.26,1,33,75,20,7,0,9,3,223,2,48,1,3
5.23,3,90,35,27,8,0,5,59,124,2,73,0,12
8.62,2,89,96,70,3,0,1,64,34,2,56,1,6
8.89,3,78,47,63,1,0,4,75,172,3,2,1,5
9.76,0,75,25,66,2,2,6,56,22,1,76,1,11
5.99,0,60,73,50,2,0,3,186,10,0,72,1,11
7.95,2,78,35,56,7,0,0,223,76,1,37,1,8
8.94,0,88,53,100,7,0,5,105,101,1,61,1,1
7.4,0,60,31,36,7,1,6,236,76,0,91,1,9
9.97,4,73,22,80,1,3,4,276,69,0,39,0,10
7.63,1,65,16,50,5,0,3,93,136,0,44,0,12
9.41,0,69,60,63,4,1,6,202,180,1,49,1,4
9.03,0,80,60,33,1,1,7,102,70,0,65,1,12
8.18,0,88,46,65,2,0,5,38,155,0,48,1,9
5.98,4,100,62,79,4,1,0,219,26,0,56,1,4
4.98,0,70,78,53,0,0,10,202,177,3,74,1,2
6.61,0,63,63,67,4,1,2,44,253,1,49,1,7
4.52,1,55,56,83,7,1,0,132,57,0,65,1,4
8.55,1,79,38,83,4,0,2,35,81,0,32,0,6
7.6,4,62,46,56,0,0,0,223,30,0,51,0,7
8.93,0,30,69,55,1,0,1,169,90,0,100,1,5
4.51,0,94,79,57,8,3,7,20,48,1,64,0,7
5.93,4,57,57,87,1,0,0,212,22,2,100,0,12
7.21,2,67,24,32,5,1,0,179,48,0,73,0,12
9.73,0,53,95,59,4,2,8,91,67,0,47,0,11
4.83,0,61,76,73,10,2,6,103,49,0,29,1,11
8.07,1,81,67,61,1,1,4,191,24,0,72,1,8
9.76,1,85,44,36,0,3,1,195,3,1,99,1,4
8.69,4,82,35,72,8,0,7,185,191,0,65,1,9
6.59,4,61,79,33,1,1,2,1,182,0,76,0,6
5.09,2,48,64,37,5,1,2,70,43,0,37,1,9
5.99,5,44,86,73,5,1,7,10,100,2,52,0,10
6.36,0,52,46,82,2,0,8,58,6,1,46,0,8
6.02,1,81,37,74,8,2,2,9,62,1,71,1,10
8.97,0,62,60,31,0,0,6,179,24,0,61,1,10
8.61,1,42,31,100,3,1,8,84,105,1,56,1,7
9.87,0,58,37,74,8,1,7,68,74,0,64,1,6
6.13,1,36,81,59,2,0,0,161,61,0,99,0,12
9.32,0,81,37,88,3,2,6,174,17,0,61,1,4
6.63,0,75,29,77,0,2,6,185,140,0,68,0,10
4.69,0,74,66,79,0,0,2,191,107,0,50,1,10
4.71,0,67,70,66,4,1,2,135,119,1,73,1,12
9.68,4,92,63,71,0,1,2,16,79,0,67,1,2
7.47,1,71,83,93,4,1,4,96,50,0,38,1,9
9.64,0,62,50,80,2,2,0,88,35,2,52,0,6
8.21,0,76,80,78,4,1,2,81,105,3,89,1,5
8.1,2,70,87,39,7,0,1,0,115,1,100,1,3
9.39,0,63,79,92,5,2,6,52,56,1,65,1,11
5.3,1,53,78,62,11,2,0,221,35,0,95,1,4
9.49,2,41,53,36,5,0,4,366,167,4,68,1,12
6.73,0,33,48,81,3,0,2,26,13,1,87,0,11
7.28,3,61,62,67,3,1,8,377,104,0,55,1,2
5.1,2,96,69,54,3,0,1,296,122,0,63,1,11
6.03,0,69,44,49,0,0,0,235,37,1,73,0,12
7.63,5,41,69,66,5,2,8,39,147,1,64,1,7
6.09,1,72,80,85,8,0,3,366,20,1,58,0,6
5.17,0,68,82,32,9,1,0,252,63,0,55,1,9
4.84,3,50,24,78,1,0,1,101,43,0,44,0,6
7.03,0,100,47,75,9,0,2,279,92,0,87,1,10
7.33,0,43,61,53,4,0,7,137,27,2,40,0,9
7.99,1,52,83,90,6,1,9,83,140,0,97,1,10
9.59,0,61,56,60,1,0,5,231,45,1,49,1,1
7.27,1,51,76,37,7,2,3,207,33,0,62,0,10
7.09,5,46,42,94,10,1,4,337,79,0,75,1,1
9.37,5,76,61,26,6,0,2,60,74,0,84,1,9
4.99,4,85,78,80,7,1,1,153,136,2,65,1,12
6.82,0,74,52,62,7,1,2,159,68,0,100,0,11
9.59,1,57,75,56,4,0,4,35,136,1,22,0,11
7.38,0,51,71,33,3,2,0,138,105,1,84,0,7
5.19,0,70,32,53,3,0,2,84,52,0,26,0,8
8.95,0,70,81,51,7,0,2,179,244,3,54,1,6
7.9,0,77,36,48,8,1,6,107,71,0,82,1,6
6.17,2,74,52,55,10,1,5,252,15,0,85,1,5
8.06,0,89,65,55,6,1,1,105,256,1,65,0,9
9.51,0,54,50,76,0,1,2,93,134,0,56,1,7
5.84,1,80,94,64,2,0,7,24,45,0,90,0,6
9.86,2,69,82,63,0,1,5,290,25,0,67,0,8
9.9,0,31,55,74,6,1,0,70,118,0,79,1,2
9.5,1,77,65,80,4,1,4,237,6,1,38,1,10
8.49,0,57,15,82,8,2,7,271,193,0,68,0,11
9.99,1,59,79,75,3,0,3,117,155,0,38,0,10
9.58,0,61,58,54,0,0,0,459,27,0,70,1,7
8.73,1,60,59,57,5,0,2,260,10,2,65,0,12
5.45,1,50,94,90,1,0,2,96,146,0,72,0,12
4.96,1,85,78,98,6,0,6,26,78,0,78,0,10
9.1,0,76,58,58,0,1,3,252,90,3,77,1,8
9.4,0,54,78,68,8,3,2,46,120,0,69,0,10
8.07,0,73,67,31,3,0,4,592,44,0,84,1,12
8.47,0,65,36,58,4,1,3,74,63,1,64,0,11
9.91,0,71,90,61,12,0,0,227,152,1,58,1,11
7.94,0,61,61,61,9,3,0,233,144,0,58,1,5
9.41,0,42,50,60,5,0,0,327,20,0,72,1,6
7.74,0,75,47,52,2,0,5,269,12,0,36,0,10
8.8,0,51,50,49,2,0,7,170,115,1,75,1,5
7.35,0,44,49,64,3,1,1,173,95,0,53,1,9
7.29,2,67,72,74,2,0,2,141,11,0,41,1,11
5.99,2,38,32,53,4,0,1,184,127,1,85,1,9
7.48,3,100,67,73,8,3,4,58,109,0,31,1,2
4.82,0,62,54,42,6,2,1,228,55,0,72,0,8
8.45,0,77,77,47,1,0,3,109,118,1,68,1,10
6.21,1,59,65,73,8,0,1,29,65,0,54,1,8
